Workbook

Sheet LX02_DATA
A1: OWNER | B1: OWNER_ROLE | C1: ENTITELED | D1: ENTITLED_ROLE | E1: MATNR | F1: HUTYP | G1: PMAT | H1: GR_DATE | I1: VFDAT | J1: LGPLA | K1: SSCC | L1: UNIT | M1: QUAN | N1: CAT | O1: EXTNO | P1: Storage Type | Q1: Storage Bin | R1: Material | S1: Material Description | T1: Storage Unit | U1: Batch | V1: SLED/BBD | W1: Storage Location | X1: Storage Unit Type | Y1: Stock Category | Z1: Special Stock | AA1: Av. Stock WM UoM | AB1: WM unit | AC1: Base Unit of Measure | AD1: GR Date | AE1: GR Date | AF1: Inventory active | AG1: Inventory record | AH1: Inventory record | AI1: Last inventory | AJ1: Weight
A2: NE00 | B2: BP | C2: NE00 | D2: BP | E2: =VLOOKUP(R2,MATERIAL_MAPPING!A:B,2,FALSE) -> 8064 | F2: =RIGHT(G2,2) -> E1 | G2: =VLOOKUP(X2,STORAGE_UNIT_TYPE_MAPPING!A:B,2,FALSE) -> NPALLET-E1 | H2: =TEXT(AE2,"yyyymmdd") -> 20240730 | I2: =TEXT(V2,"yyyymmdd") -> 20260331 | J2: =VLOOKUP(Q2,BIN_MAPPING!A:B,2,FALSE) -> 19-040-1 | K2: 350103471816156564 | L2: CS | M2: 20 | N2: 01 | O2: X | P2: PCK | Q2: 19-40-A | R2: 12326084 | S2: PEPTAMEN JUNIOR ACE002-2 12x400g GB | T2: 350103471816156564 | U2: 40620017A1 | V2: 46112 | W2: 0001 | X2: EUR | AA2: 20 | AB2: CS | AD2: 45503 | AE2: 45503 | AI2: 123.36
A3: NE00 | B3: BP | C3: NE00 | D3: BP | E3: =VLOOKUP(R3,MATERIAL_MAPPING!A:B,2,FALSE) -> 8506 | F3: =RIGHT(G3,2) -> E1 | G3: =VLOOKUP(X3,STORAGE_UNIT_TYPE_MAPPING!A:B,2,FALSE) -> NPALLET-E1 | H3: =TEXT(AE3,"yyyymmdd") -> 20241001 | I3: =TEXT(V3,"yyyymmdd") -> 20250930 | J3: =VLOOKUP(Q3,BIN_MAPPING!A:B,2,FALSE) -> 19-042-1 | K3: 350103471816772245 | L3: CS | M3: 47 | N3: 01 | O3: X | P3: PCK | Q3: 19-42-A | R3: 12511297 | S3: VITLPRT MarineColla Stp+Box 14(10x10g)GB | T3: 350103471816772245 | U3: 2325700002 | V3: 45930 | W3: 0001 | X3: EUR | AA3: 47 | AB3: CS | AD3: 45566 | AE3: 45566 | AI3: 105.28
A4: NE00 | B4: BP | C4: NE00 | D4: BP | E4: =VLOOKUP(R4,MATERIAL_MAPPING!A:B,2,FALSE) -> 8539 | F4: =RIGHT(G4,2) -> E1 | G4: =VLOOKUP(X4,STORAGE_UNIT_TYPE_MAPPING!A:B,2,FALSE) -> NPALLET-E1 | H4: =TEXT(AE4,"yyyymmdd") -> 20240909 | I4: =TEXT(V4,"yyyymmdd") -> 20250722 | J4: =VLOOKUP(Q4,BIN_MAPPING!A:B,2,FALSE) -> 19-044-1 | K4: 350103471816506369 | L4: CS | M4: 7 | N4: 01 | O4: X | P4: PCK | Q4: 19-44-A | R4: 12513514 | S4: PEPTAMEN JNR PHGG Van 12x500ml XI | T4: 350103471816506369 | U4: 4209428220 | V4: 45860 | W4: 0001 | X4: EUR | AA4: 7 | AB4: CS | AD4: 45544 | AE4: 45544 | AI4: 47.796
A5: NE00 | B5: BP | C5: NE00 | D5: BP | E5: =VLOOKUP(R5,MATERIAL_MAPPING!A:B,2,FALSE) -> 8142 | F5: =RIGHT(G5,2) -> E1 | G5: =VLOOKUP(X5,STORAGE_UNIT_TYPE_MAPPING!A:B,2,FALSE) -> NPALLET-E1 | H5: =TEXT(AE5,"yyyymmdd") -> 20241008 | I5: =TEXT(V5,"yyyymmdd") -> 20250601 | J5: =VLOOKUP(Q5,BIN_MAPPING!A:B,2,FALSE) -> 19-045-1 | K5: 350103471816883958 | L5: CS | M5: 6 | N5: 01 | O5: X | P5: PCK | Q5: 19-45-A | R5: 12383174 | S5: PEPTAMEN Neutral Dual 9x1L N1 XE | T5: 350103471816883958 | U5: 4158428220 | V5: 45809 | W5: 0001 | X5: EUR | AA5: 6 | AB5: CS | AD5: 45573 | AE5: 45573 | AI5: 62.1
A6: NE00 | B6: BP | C6: NE00 | D6: BP | E6: =VLOOKUP(R6,MATERIAL_MAPPING!A:B,2,FALSE) -> 8504 | F6: =RIGHT(G6,2) -> E1 | G6: =VLOOKUP(X6,STORAGE_UNIT_TYPE_MAPPING!A:B,2,FALSE) -> NPALLET-E1 | H6: =TEXT(AE6,"yyyymmdd") -> 20240918 | I6: =TEXT(V6,"yyyymmdd") -> 20260430 | J6: =VLOOKUP(Q6,BIN_MAPPING!A:B,2,FALSE) -> 19-046-1 | K6: 350103471816603020 | L6: CS | M6: 8 | N6: 01 | O6: X | P6: PCK | Q6: 19-46-A | R6: 12511278 | S6: VITLPRT CollPep Stp+Box 14(10x10g) GB | T6: 350103471816603020 | U6: 2410700002 | V6: 46142 | W6: 0001 | X6: EUR | AA6: 8 | AB6: CS | AD6: 45553 | AE6: 45553 | AI6: 17.92
A7: NE00 | B7: BP | C7: NE00 | D7: BP | E7: =VLOOKUP(R7,MATERIAL_MAPPING!A:B,2,FALSE) -> 8156 | F7: =RIGHT(G7,2) -> E1 | G7: =VLOOKUP(X7,STORAGE_UNIT_TYPE_MAPPING!A:B,2,FALSE) -> NPALLET-E1 | H7: =TEXT(AE7,"yyyymmdd") -> 20241008 | I7: =TEXT(V7,"yyyymmdd") -> 20250824 | J7: =VLOOKUP(Q7,BIN_MAPPING!A:B,2,FALSE) -> 19-047-1 | K7: 350103471816883736 | L7: CS | M7: 29 | N7: 01 | O7: X | P7: PCK | Q7: 19-47-A | R7: 12393877 | S7: PEPTAMEN JUNIOR 0.6 12x500ml XE | T7: 350103471816883736 | U7: 4242428221 | V7: 45893 | W7: 0001 | X7: EUR | AA7: 29 | AB7: CS | AD7: 45573 | AE7: 45573 | AI7: 191.4
A8: NE00 | B8: BP | C8: NE00 | D8: BP | E8: =VLOOKUP(R8,MATERIAL_MAPPING!A:B,2,FALSE) -> 10883 | F8: =RIGHT(G8,2) -> E1 | G8: =VLOOKUP(X8,STORAGE_UNIT_TYPE_MAPPING!A:B,2,FALSE) -> NPALLET-E1 | H8: =TEXT(AE8,"yyyymmdd") -> 20240917 | I8: =TEXT(V8,"yyyymmdd") -> 20260831 | J8: =VLOOKUP(Q8,BIN_MAPPING!A:B,2,FALSE) -> 19-048-1 | K8: 376130300220453386 | L8: CS | M8: 48 | N8: 01 | O8: X | P8: PCK | Q8: 19-48-A | R8: 12454872 | S8: ALFAMINO ACS019 6x400g N1 GB | T8: 376130300220453386 | U8: 42360017Y1 | V8: 46265 | W8: 0001 | X8: EUR | AA8: 48 | AB8: CS | AD8: 45552 | AE8: 45552 | AI8: 151.776
A9: NE00 | B9: BP | C9: NE00 | D9: BP | E9: =VLOOKUP(R9,MATERIAL_MAPPING!A:B,2,FALSE) -> 8143 | F9: =RIGHT(G9,2) -> E1 | G9: =VLOOKUP(X9,STORAGE_UNIT_TYPE_MAPPING!A:B,2,FALSE) -> NPALLET-E1 | H9: =TEXT(AE9,"yyyymmdd") -> 20240909 | I9: =TEXT(V9,"yyyymmdd") -> 20250730 | J9: =VLOOKUP(Q9,BIN_MAPPING!A:B,2,FALSE) -> 19-049-1 | K9: 350103471816411458 | L9: CS | M9: 1 | N9: 01 | O9: X | P9: PCK | Q9: 19-49-A | R9: 12383265 | S9: PEPTAMEN HN Neutral Dual 12x500ml N1 XI | T9: 350103471816411458 | U9: 4217428220 | V9: 45868 | W9: 0001 | X9: EUR | AA9: 1 | AB9: CS | AD9: 45544 | AE9: 45544 | AI9: 6.852
A10: NE00 | B10: BP | C10: NE00 | D10: BP | E10: =VLOOKUP(R10,MATERIAL_MAPPING!A:B,2,FALSE) -> 10913 | F10: =RIGHT(G10,2) -> E1 | G10: =VLOOKUP(X10,STORAGE_UNIT_TYPE_MAPPING!A:B,2,FALSE) -> NPALLET-E1 | H10: =TEXT(AE10,"yyyymmdd") -> 20240821 | I10: =TEXT(V10,"yyyymmdd") -> 20250228 | J10: =VLOOKUP(Q10,BIN_MAPPING!A:B,2,FALSE) -> 19-050-1 | K10: 376130308202572629 | L10: CS | M10: 18 | N10: 01 | O10: X | P10: PCK | Q10: 19-50-A | R10: 12464610 | S10: MINAMI Liquid Kids 12x100ml GB | T10: 376130308202572629 | U10: 2362737 | V10: 45716 | W10: 0001 | X10: EUR | AA10: 18 | AB10: CS | AD10: 45525 | AE10: 45525 | AI10: 38.88
A11: NE00 | B11: BP | C11: NE00 | D11: BP | E11: =VLOOKUP(R11,MATERIAL_MAPPING!A:B,2,FALSE) -> 8141 | F11: =RIGHT(G11,2) -> E1 | G11: =VLOOKUP(X11,STORAGE_UNIT_TYPE_MAPPING!A:B,2,FALSE) -> NPALLET-E1 | H11: =TEXT(AE11,"yyyymmdd") -> 20240916 | I11: =TEXT(V11,"yyyymmdd") -> 20250701 | J11: =VLOOKUP(Q11,BIN_MAPPING!A:B,2,FALSE) -> 19-051-1 | K11: 350103471816360046 | L11: CS | M11: 15 | N11: 01 | O11: X | P11: PCK | Q11: 19-51-A | R11: 12383170 | S11: PEPTAMEN Neutral Dual 12x500ml N1 XI | T11: 350103471816360046 | U11: 4188428220 | V11: 45839 | W11: 0001 | X11: EUR | AA11: 15 | AB11: CS | AD11: 45551 | AE11: 45551 | AI11: 100.62
A12: NE00 | B12: BP | C12: NE00 | D12: BP | E12: =VLOOKUP(R12,MATERIAL_MAPPING!A:B,2,FALSE) -> 8144 | F12: =RIGHT(G12,2) -> E1 | G12: =VLOOKUP(X12,STORAGE_UNIT_TYPE_MAPPING!A:B,2,FALSE) -> NPALLET-E1 | H12: =TEXT(AE12,"yyyymmdd") -> 20240918 | I12: =TEXT(V12,"yyyymmdd") -> 20250710 | J12: =VLOOKUP(Q12,BIN_MAPPING!A:B,2,FALSE) -> 19-053-1 | K12: 340055001841986741 | L12: CS | M12: 48 | N12: 01 | O12: X | P12: PCK | Q12: 19-53-A | R12: 12383271 | S12: PEPTAMEN JNRADV Ntr Dual 12x500ml N1 XI | T12: 340055001841986741 | U12: 4197428228 | V12: 45848 | W12: 0001 | X12: EUR | AA12: 48 | AB12: CS | AD12: 45553 | AE12: 45553 | AI12: 321.984
A13: NE00 | B13: BP | C13: NE00 | D13: BP | E13: =VLOOKUP(R13,MATERIAL_MAPPING!A:B,2,FALSE) -> 10888 | F13: =RIGHT(G13,2) -> I1 | G13: =VLOOKUP(X13,STORAGE_UNIT_TYPE_MAPPING!A:B,2,FALSE) -> NPALLET-I1 | H13: =TEXT(AE13,"yyyymmdd") -> 20241011 | I13: =TEXT(V13,"yyyymmdd") -> 20270930 | J13: =VLOOKUP(Q13,BIN_MAPPING!A:B,2,FALSE) -> 19-054-1 | K13: 376130308202812541 | L13: CS | M13: 6 | N13: 01 | O13: X | P13: PCK | Q13: 19-54-A | R13: 12468218 | S13: VP Collagen Peptides 6x567g GB | T13: 376130308202812541 | U13: 4065635 | V13: 46660 | W13: 0001 | X13: LPR | AA13: 6 | AB13: CS | AD13: 45576 | AE13: 45576 | AI13: 24.984
... A70: NE00 | B70: BP | C70: NE00 | D70: BP | E70: =VLOOKUP(R70,MATERIAL_MAPPING!A:B,2,FALSE) -> 9460 | F70: =RIGHT(G70,2) -> I1 | G70: =VLOOKUP(X70,STORAGE_UNIT_TYPE_MAPPING!A:B,2,FALSE) -> NPALLET-I1 | H70: =TEXT(AE70,"yyyymmdd") -> 20240926 | I70: =TEXT(V70,"yyyymmdd") -> 20250930 | J70: =VLOOKUP(Q70,BIN_MAPPING!A:B,2,FALSE) -> 20-006-5 | K70: 350103474955933928 | L70: CS | M70: 196 | N70: 01 | O70: X | P70: AG | Q70: 20-06-E | R70: 12571740 | S70: NESCAFE CAPPUCCINO 8Sac 6x124g GB | T70: 350103474955933928 | U70: 42521091R | V70: 45930 | W70: 0001 | X70: LPR | AA70: 196 | AB70: CS | AD70: 45561 | AE70: 45561 | AI70: 190.653
A71: NE00 | B71: BP | C71: NE00 | D71: BP | E71: =VLOOKUP(R71,MATERIAL_MAPPING!A:B,2,FALSE) -> 8942 | F71: =RIGHT(G71,2) -> I1 | G71: =VLOOKUP(X71,STORAGE_UNIT_TYPE_MAPPING!A:B,2,FALSE) -> NPALLET-I1 | H71: =TEXT(AE71,"yyyymmdd") -> 20230926 | I71: =TEXT(V71,"yyyymmdd") -> 20241130 | J71: =VLOOKUP(Q71,BIN_MAPPING!A:B,2,FALSE) -> 20-006-6 | K71: 384101002222848148 | L71: CS | M71: 61 | N71: 08 | O71: X | P71: AG | Q71: 20-06-F | R71: 12538639 | S71: CERELAC Rice FA1122-1 6x400g XB | T71: 384101002222848148 | U71: 31830291 | V71: 45626 | W71: 0001 | X71: LPR | Y71: S | AA71: 61 | AB71: CS | AD71: 45195 | AE71: 45195 | AI71: 183
A72: NE00 | B72: BP | C72: NE00 | D72: BP | E72: =VLOOKUP(R72,MATERIAL_MAPPING!A:B,2,FALSE) -> 9729 | F72: =RIGHT(G72,2) -> I1 | G72: =VLOOKUP(X72,STORAGE_UNIT_TYPE_MAPPING!A:B,2,FALSE) -> NPALLET-I1 | H72: =TEXT(AE72,"yyyymmdd") -> 20240807 | I72: =TEXT(V72,"yyyymmdd") -> 20250430 | J72: =VLOOKUP(Q72,BIN_MAPPING!A:B,2,FALSE) -> 20-007-1 | K72: 350103475120184787 | L72: CS | M72: 41 | N72: 01 | O72: X | P72: PCK | Q72: 20-07-A | R72: 12587761 | S72: NESTLE White Selection Box 8x199g XB | T72: 350103475120184787 | U72: 41834826 | V72: 45777 | W72: 0001 | X72: LPR | AA72: 41 | AB72: CS | AD72: 45511 | AE72: 45511 | AI72: 80.483
A73: NE00 | B73: BP | C73: NE00 | D73: BP | E73: =VLOOKUP(R73,MATERIAL_MAPPING!A:B,2,FALSE) -> 9708 | F73: =RIGHT(G73,2) -> I1 | G73: =VLOOKUP(X73,STORAGE_UNIT_TYPE_MAPPING!A:B,2,FALSE) -> NPALLET-I1 | H73: =TEXT(AE73,"yyyymmdd") -> 20241002 | I73: =TEXT(V73,"yyyymmdd") -> 20250731 | J73: =VLOOKUP(Q73,BIN_MAPPING!A:B,2,FALSE) -> 20-007-2 | K73: 350018900021413450 | L73: CS | M73: 18 | N73: 01 | O73: X | P73: AG | Q73: 20-07-B | R73: 12586771 | S73: COOKIE CRISP Cereal 14x500g N4 XB | T73: 350018900021413450 | U73: 42063156 | V73: 45869 | W73: 0001 | X73: LPR | AA73: 18 | AB73: CS | AD73: 45567 | AE73: 45567 | AI73: 145.152
A74: NE00 | B74: BP | C74: NE00 | D74: BP | E74: =VLOOKUP(R74,MATERIAL_MAPPING!A:B,2,FALSE) -> 10441 | F74: =RIGHT(G74,2) -> I1 | G74: =VLOOKUP(X74,STORAGE_UNIT_TYPE_MAPPING!A:B,2,FALSE) -> NPALLET-I1 | H74: =TEXT(AE74,"yyyymmdd") -> 20240923 | I74: =TEXT(V74,"yyyymmdd") -> 20260831 | J74: =VLOOKUP(Q74,BIN_MAPPING!A:B,2,FALSE) -> 20-007-3 | K74: 350001612890863181 | L74: CS | M74: 105 | N74: 01 | O74: X | P74: AG | Q74: 20-07-C | R74: 12461268 | S74: WINALOT SNRCiG MVChkn&Crt10 4(12x100g)GB | T74: 350001612890863181 | U74: 4238096203 | V74: 46265 | W74: 0001 | X74: CHP | AA74: 105 | AB74: CS | AD74: 45558 | AE74: 45558 | AI74: 567
A75: NE00 | B75: BP | C75: NE00 | D75: BP | E75: =VLOOKUP(R75,MATERIAL_MAPPING!A:B,2,FALSE) -> 10761 | F75: =RIGHT(G75,2) -> I1 | G75: =VLOOKUP(X75,STORAGE_UNIT_TYPE_MAPPING!A:B,2,FALSE) -> NPALLET-I1 | H75: =TEXT(AE75,"yyyymmdd") -> 20240912 | I75: =TEXT(V75,"yyyymmdd") -> 20260731 | J75: =VLOOKUP(Q75,BIN_MAPPING!A:B,2,FALSE) -> 20-007-4 | K75: 376130308202784619 | L75: CS | M75: 105 | N75: 01 | O75: X | P75: AG | Q75: 20-07-D | R75: 12573484 | S75: FELIX CiJ MV Fish Selection 4(12x85g) XB | T75: 376130308202784619 | U75: 4245T931 | V75: 46234 | W75: 0001 | X75: CHP | AA75: 105 | AB75: CS | AD75: 45547 | AE75: 45547 | AI75: 508.2
A76: NE00 | B76: BP | C76: NE00 | D76: BP | E76: =VLOOKUP(R76,MATERIAL_MAPPING!A:B,2,FALSE) -> 10219 | F76: =RIGHT(G76,2) -> I1 | G76: =VLOOKUP(X76,STORAGE_UNIT_TYPE_MAPPING!A:B,2,FALSE) -> NPALLET-I1 | H76: =TEXT(AE76,"yyyymmdd") -> 20241003 | I76: =TEXT(V76,"yyyymmdd") -> 20260228 | J76: =VLOOKUP(Q76,BIN_MAPPING!A:B,2,FALSE) -> 20-007-5 | K76: 350001610329564081 | L76: CS | M76: 80 | N76: 01 | O76: X | P76: AG | Q76: 20-07-E | R76: 12296840 | S76: ONE ADULT Cat Salmon&WhlG 4x800g N1 GB | T76: 350001610329564081 | U76: 4215093105 | V76: 46081 | W76: 0001 | X76: CHP | AA76: 80 | AB76: CS | AD76: 45568 | AE76: 45568 | AI76: 265.6
A77: NE00 | B77: BP | C77: NE00 | D77: BP | E77: =VLOOKUP(R77,MATERIAL_MAPPING!A:B,2,FALSE) -> 9164 | F77: =RIGHT(G77,2) -> I1 | G77: =VLOOKUP(X77,STORAGE_UNIT_TYPE_MAPPING!A:B,2,FALSE) -> NPALLET-I1 | H77: =TEXT(AE77,"yyyymmdd") -> 20240826 | I77: =TEXT(V77,"yyyymmdd") -> 20250331 | J77: =VLOOKUP(Q77,BIN_MAPPING!A:B,2,FALSE) -> 20-008-1 | K77: 376130313506391289 | L77: CS | M77: 149 | N77: 01 | O77: X | P77: PCK | Q77: 20-08-A | R77: 12552199 | S77: AFTER EIGHT ICON Xmas RAMB 12x57gGB | T77: 376130313506391289 | U77: 41730848 | V77: 45747 | W77: 0001 | X77: LPR | AA77: 149 | AB77: CS | AD77: 45530 | AE77: 45530 | AI77: 118.008
A78: NE00 | B78: BP | C78: NE00 | D78: BP | E78: =VLOOKUP(R78,MATERIAL_MAPPING!A:B,2,FALSE) -> 10569 | F78: =RIGHT(G78,2) -> I1 | G78: =VLOOKUP(X78,STORAGE_UNIT_TYPE_MAPPING!A:B,2,FALSE) -> NPALLET-I1 | H78: =TEXT(AE78,"yyyymmdd") -> 20240913 | I78: =TEXT(V78,"yyyymmdd") -> 20260228 | J78: =VLOOKUP(Q78,BIN_MAPPING!A:B,2,FALSE) -> 20-008-3 | K78: 376130340111458601 | L78: CS | M78: 160 | N78: 01 | O78: X | P78: AG | Q78: 20-08-C | R78: 12502441 | S78: GOURMET MNPT GiG MVChkn37 8(6x50g) N2 GB | T78: 376130340111458601 | U78: 42369718G0 | V78: 46081 | W78: 0001 | X78: CHP | AA78: 160 | AB78: CS | AD78: 45548 | AE78: 45548 | AI78: 435.2
A79: NE00 | B79: BP | C79: NE00 | D79: BP | E79: =VLOOKUP(R79,MATERIAL_MAPPING!A:B,2,FALSE) -> 10803 | F79: =RIGHT(G79,2) -> I1 | G79: =VLOOKUP(X79,STORAGE_UNIT_TYPE_MAPPING!A:B,2,FALSE) -> NPALLET-I1 | H79: =TEXT(AE79,"yyyymmdd") -> 20240823 | I79: =TEXT(V79,"yyyymmdd") -> 20250630 | J79: =VLOOKUP(Q79,BIN_MAPPING!A:B,2,FALSE) -> 20-008-4 | K79: 376130308202770438 | L79: CS | M79: 126 | N79: 01 | O79: X | P79: AG | Q79: 20-08-D | R79: 12591182 | S79: BAKERS Treats Xmas Box 3x458g PR24 XB | T79: 376130308202770438 | U79: 42359766 | V79: 45838 | W79: 0001 | X79: CHP | AA79: 126 | AB79: CS | AD79: 45527 | AE79: 45527 | AI79: 207.144
A80: NE00 | B80: BP | C80: NE00 | D80: BP | E80: =VLOOKUP(R80,MATERIAL_MAPPING!A:B,2,FALSE) -> 10685 | F80: =RIGHT(G80,2) -> I1 | G80: =VLOOKUP(X80,STORAGE_UNIT_TYPE_MAPPING!A:B,2,FALSE) -> NPALLET-I1 | H80: =TEXT(AE80,"yyyymmdd") -> 20241003 | I80: =TEXT(V80,"yyyymmdd") -> 20260331 | J80: =VLOOKUP(Q80,BIN_MAPPING!A:B,2,FALSE) -> 20-008-5 | K80: 350001610370527271 | L80: CS | M80: 28 | N80: 01 | O80: X | P80: AG | Q80: 20-08-E | R80: 12531981 | S80: BETA PUPPY Chicken 14kg N3 XB | T80: 350001610370527271 | U80: 4267093109 | V80: 46112 | W80: 0001 | X80: CHP | AA80: 28 | AB80: EA | AD80: 45568 | AE80: 45568 | AI80: 400.4
A81: NE00 | B81: BP | C81: NE00 | D81: BP | E81: =VLOOKUP(R81,MATERIAL_MAPPING!A:B,2,FALSE) -> 9724 | F81: =RIGHT(G81,2) -> I1 | G81: =VLOOKUP(X81,STORAGE_UNIT_TYPE_MAPPING!A:B,2,FALSE) -> NPALLET-I1 | H81: =TEXT(AE81,"yyyymmdd") -> 20240806 | I81: =TEXT(V81,"yyyymmdd") -> 20250430 | J81: =VLOOKUP(Q81,BIN_MAPPING!A:B,2,FALSE) -> 20-008-6 | K81: 350103475140153893 | L81: CS | M81: 110 | N81: 01 | O81: X | P81: AG | Q81: 20-08-F | R81: 12589604 | S81: MILKYBAR Festive Friend Pouch 5x262g XB | T81: 350103475140153893 | U81: 42130945 | V81: 45777 | W81: 0001 | X81: LPR | AA81: 110 | AB81: CS | AD81: 45510 | AE81: 45510 | AI81: 152.35
A82: NE00 | B82: BP | C82: NE00 | D82: BP | E82: =VLOOKUP(R82,MATERIAL_MAPPING!A:B,2,FALSE) -> 9746 | F82: =RIGHT(G82,2) -> E1 | G82: =VLOOKUP(X82,STORAGE_UNIT_TYPE_MAPPING!A:B,2,FALSE) -> NPALLET-E1 | H82: =TEXT(AE82,"yyyymmdd") -> 20240806 | I82: =TEXT(V82,"yyyymmdd") -> 20250630 | J82: =VLOOKUP(Q82,BIN_MAPPING!A:B,2,FALSE) -> 20-008-8 | K82: 350103450030185697 | L82: CS | M82: 49 | N82: 01 | O82: X | P82: AG | Q82: 20-08-H | R82: 12588254 | S82: NESCAFE CAPPUCCINO Mxd Ty 2.465kg N1 GB | T82: 350103450030185697 | U82: 41909722EA | V82: 45838 | W82: 0001 | X82: EUR | AA82: 49 | AB82: EA | AD82: 45510 | AE82: 45510 | AI82: 169.54
A83: NE00 | B83: BP | C83: NE00 | D83: BP | E83: =VLOOKUP(R83,MATERIAL_MAPPING!A:B,2,FALSE) -> 9758 | F83: =RIGHT(G83,2) -> I1 | G83: =VLOOKUP(X83,STORAGE_UNIT_TYPE_MAPPING!A:B,2,FALSE) -> NPALLET-I1 | H83: =TEXT(AE83,"yyyymmdd") -> 20240816 | I83: =TEXT(V83,"yyyymmdd") -> 20250228 | J83: =VLOOKUP(Q83,BIN_MAPPING!A:B,2,FALSE) -> 20-009-1 | K83: 350103475120221956 | L83: CS | M83: 45 | N83: 01 | O83: X | P83: PCK | Q83: 20-09-A | R83: 12592314 | S83: NESTLE Christmas Slcn Box 10x223.5g XB | T83: 350103475120221956 | U83: 42254826 | V83: 45716 | W83: 0001 | X83: LPR | AA83: 45 | AB83: CS | AD83: 45520 | AE83: 45520 | AI83: 118.665
A84: NE00 | B84: BP | C84: NE00 | D84: BP | E84: =VLOOKUP(R84,MATERIAL_MAPPING!A:B,2,FALSE) -> 8144 | F84: =RIGHT(G84,2) -> E1 | G84: =VLOOKUP(X84,STORAGE_UNIT_TYPE_MAPPING!A:B,2,FALSE) -> NPALLET-E1 | H84: =TEXT(AE84,"yyyymmdd") -> 20240806 | I84: =TEXT(V84,"yyyymmdd") -> 20250525 | J84: =VLOOKUP(Q84,BIN_MAPPING!A:B,2,FALSE) -> 20-009-2 | K84: 340055001841923357 | L84: CS | M84: 80 | N84: 08 | O84: X | P84: AG | Q84: 20-09-B | R84: 12383271 | S84: PEPTAMEN JNRADV Ntr Dual 12x500ml N1 XI | T84: 340055001841923357 | U84: 4151428220 | V84: 45802 | W84: 0001 | X84: EUR | Y84: S | AA84: 80 | AB84: CS | AD84: 45510 | AE84: 45510 | AI84: 536.64
A85: NE00 | B85: BP | C85: NE00 | D85: BP | E85: =VLOOKUP(R85,MATERIAL_MAPPING!A:B,2,FALSE) -> 10406 | F85: =RIGHT(G85,2) -> I1 | G85: =VLOOKUP(X85,STORAGE_UNIT_TYPE_MAPPING!A:B,2,FALSE) -> NPALLET-I1 | H85: =TEXT(AE85,"yyyymmdd") -> 20241008 | I85: =TEXT(V85,"yyyymmdd") -> 20260831 | J85: =VLOOKUP(Q85,BIN_MAPPING!A:B,2,FALSE) -> 20-009-4 | K85: 376130328244492723 | L85: CS | M85: 105 | N85: 01 | O85: X | P85: AG | Q85: 20-09-D | R85: 12445709 | S85: FELIX KTN AGAIL GiJ MVBf 4(12x100g) N2XB | T85: 376130328244492723 | U85: 4264969061 | V85: 46265 | W85: 0001 | X85: CHP | AA85: 105 | AB85: CS | AD85: 45573 | AE85: 45573 | AI85: 567
A86: NE00 | B86: BP | C86: NE00 | D86: BP | E86: =VLOOKUP(R86,MATERIAL_MAPPING!A:B,2,FALSE) -> 9708 | F86: =RIGHT(G86,2) -> I1 | G86: =VLOOKUP(X86,STORAGE_UNIT_TYPE_MAPPING!A:B,2,FALSE) -> NPALLET-I1 | H86: =TEXT(AE86,"yyyymmdd") -> 20241009 | I86: =TEXT(V86,"yyyymmdd") -> 20250731 | J86: =VLOOKUP(Q86,BIN_MAPPING!A:B,2,FALSE) -> 20-009-5 | K86: 350018900021413177 | L86: CS | M86: 18 | N86: 01 | O86: X | P86: AG | Q86: 20-09-E | R86: 12586771 | S86: COOKIE CRISP Cereal 14x500g N4 XB | T86: 350018900021413177 | U86: 42063156 | V86: 45869 | W86: 0001 | X86: LPR | AA86: 18 | AB86: CS | AD86: 45574 | AE86: 45574 | AI86: 145.152
A87: NE00 | B87: BP | C87: NE00 | D87: BP | E87: =VLOOKUP(R87,MATERIAL_MAPPING!A:B,2,FALSE) -> 10932 | F87: =RIGHT(G87,2) -> I1 | G87: =VLOOKUP(X87,STORAGE_UNIT_TYPE_MAPPING!A:B,2,FALSE) -> NPALLET-I1 | H87: =TEXT(AE87,"yyyymmdd") -> 20241004 | I87: =TEXT(V87,"yyyymmdd") -> 20250331 | J87: =VLOOKUP(Q87,BIN_MAPPING!A:B,2,FALSE) -> 20-009-6 | K87: 350103475120207240 | L87: CS | M87: 50 | N87: 01 | O87: X | P87: AG | Q87: 20-09-F | R87: 12503786 | S87: AERO Collection Box 9x360g N1 XB | T87: 350103475120207240 | U87: 42064826 | V87: 45747 | W87: 0001 | X87: LPR | AA87: 50 | AB87: CS | AD87: 45569 | AE87: 45569 | AI87: 208.53
A88: NE00 | B88: BP | C88: NE00 | D88: BP | E88: =VLOOKUP(R88,MATERIAL_MAPPING!A:B,2,FALSE) -> 9306 | F88: =RIGHT(G88,2) -> I1 | G88: =VLOOKUP(X88,STORAGE_UNIT_TYPE_MAPPING!A:B,2,FALSE) -> NPALLET-I1 | H88: =TEXT(AE88,"yyyymmdd") -> 20241003 | I88: =TEXT(V88,"yyyymmdd") -> 20250531 | J88: =VLOOKUP(Q88,BIN_MAPPING!A:B,2,FALSE) -> 20-010-1 | K88: 376130442230151576 | L88: CS | M88: 72 | N88: 01 | O88: X | P88: PCK | Q88: 20-10-A | R88: 12558219 | S88: AFTER EIGHT MintColltnBoxNCP 8x199g N1XB | T88: 376130442230151576 | U88: 42140357 | V88: 45808 | W88: 0001 | X88: LPR | AA88: 72 | AB88: CS | AD88: 45568 | AE88: 45568 | AI88: 132.588
A89: NE00 | B89: BP | C89: NE00 | D89: BP | E89: =VLOOKUP(R89,MATERIAL_MAPPING!A:B,2,FALSE) -> 10430 | F89: =RIGHT(G89,2) -> I1 | G89: =VLOOKUP(X89,STORAGE_UNIT_TYPE_MAPPING!A:B,2,FALSE) -> NPALLET-I1 | H89: =TEXT(AE89,"yyyymmdd") -> 20241008 | I89: =TEXT(V89,"yyyymmdd") -> 20260930 | J89: =VLOOKUP(Q89,BIN_MAPPING!A:B,2,FALSE) -> 20-010-2 | K89: 376130365838982031 | L89: CS | M89: 126 | N89: 01 | O89: X | P89: AG | Q89: 20-10-B | R89: 12448214 | S89: FELIX TASTYSHREDSGIGFrmSlMV4(12x80g)N1GB | T89: 376130365838982031 | U89: 4261969022 | V89: 46295 | W89: 0001 | X89: CHP | AA89: 126 | AB89: CS | AD89: 45573 | AE89: 45573 | AI89: 554.4
A90: NE00 | B90: BP | C90: NE00 | D90: BP | E90: =VLOOKUP(R90,MATERIAL_MAPPING!A:B,2,FALSE) -> 10360 | F90: =RIGHT(G90,2) -> I1 | G90: =VLOOKUP(X90,STORAGE_UNIT_TYPE_MAPPING!A:B,2,FALSE) -> NPALLET-I1 | H90: =TEXT(AE90,"yyyymmdd") -> 20240906 | I90: =TEXT(V90,"yyyymmdd") -> 20251130 | J90: =VLOOKUP(Q90,BIN_MAPPING!A:B,2,FALSE) -> 20-010-3 | K90: 340004875640921885 | L90: CS | M90: 115 | N90: 01 | O90: X | P90: AG | Q90: 20-10-C | R90: 12400025 | S90: BAKERS SIZZLERS Bacon 6x90g XB | T90: 340004875640921885 | U90: 42400695 | V90: 45991 | W90: 0001 | X90: CHP | AA90: 115 | AB90: CS | AD90: 45541 | AE90: 45541 | AI90: 70.38
A91: NE00 | B91: BP | C91: NE00 | D91: BP | E91: =VLOOKUP(R91,MATERIAL_MAPPING!A:B,2,FALSE) -> 10894 | F91: =RIGHT(G91,2) -> I1 | G91: =VLOOKUP(X91,STORAGE_UNIT_TYPE_MAPPING!A:B,2,FALSE) -> NPALLET-I1 | H91: =TEXT(AE91,"yyyymmdd") -> 20240912 | I91: =TEXT(V91,"yyyymmdd") -> 20250531 | J91: =VLOOKUP(Q91,BIN_MAPPING!A:B,2,FALSE) -> 20-010-4 | K91: 376130313505799468 | L91: CS | M91: 168 | N91: 01 | O91: X | P91: AG | Q91: 20-10-D | R91: 12479536 | S91: KITKAT MiniPouch Santa RAMB 12x55g N1 GB | T91: 376130313505799468 | U91: 41410848 | V91: 45808 | W91: 0001 | X91: LPR | AA91: 168 | AB91: CS | AD91: 45547 | AE91: 45547 | AI91: 133.056
A92: NE00 | B92: BP | C92: NE00 | D92: BP | E92: =VLOOKUP(R92,MATERIAL_MAPPING!A:B,2,FALSE) -> 10339 | F92: =RIGHT(G92,2) -> I1 | G92: =VLOOKUP(X92,STORAGE_UNIT_TYPE_MAPPING!A:B,2,FALSE) -> NPALLET-I1 | H92: =TEXT(AE92,"yyyymmdd") -> 20241004 | I92: =TEXT(V92,"yyyymmdd") -> 20260930 | J92: =VLOOKUP(Q92,BIN_MAPPING!A:B,2,FALSE) -> 20-010-5 | K92: 350001612891070069 | L92: CS | M92: 120 | N92: 01 | O92: X | P92: AG | Q92: 20-10-E | R92: 12392576 | S92: WINALOT PRFPORT CiG MVBeef84 40x100g XB | T92: 350001612891070069 | U92: 4276096201 | V92: 46295 | W92: 0001 | X92: CHP | AA92: 120 | AB92: CS | AD92: 45569 | AE92: 45569 | AI92: 552
A93: NE00 | B93: BP | C93: NE00 | D93: BP | E93: =VLOOKUP(R93,MATERIAL_MAPPING!A:B,2,FALSE) -> 9335 | F93: =RIGHT(G93,2) -> I1 | G93: =VLOOKUP(X93,STORAGE_UNIT_TYPE_MAPPING!A:B,2,FALSE) -> NPALLET-I1 | H93: =TEXT(AE93,"yyyymmdd") -> 20241011 | I93: =TEXT(V93,"yyyymmdd") -> 20250531 | J93: =VLOOKUP(Q93,BIN_MAPPING!A:B,2,FALSE) -> 20-010-6 | K93: 376130308202813180 | L93: CS | M93: 208 | N93: 01 | O93: X | P93: AG | Q93: 20-10-F | R93: 12558959 | S93: MILKYBAR BUTTONS Bag 48x30g N1 XB | T93: 376130308202813180 | U93: 42134826 | V93: 45808 | W93: 0001 | X93: LPR | AA93: 208 | AB93: CS | AD93: 45576 | AE93: 45576 | AI93: 309.833
A94: NE00 | B94: BP | C94: NE00 | D94: BP | E94: =VLOOKUP(R94,MATERIAL_MAPPING!A:B,2,FALSE) -> 9708 | F94: =RIGHT(G94,2) -> I1 | G94: =VLOOKUP(X94,STORAGE_UNIT_TYPE_MAPPING!A:B,2,FALSE) -> NPALLET-I1 | H94: =TEXT(AE94,"yyyymmdd") -> 20241002 | I94: =TEXT(V94,"yyyymmdd") -> 20250731 | J94: =VLOOKUP(Q94,BIN_MAPPING!A:B,2,FALSE) -> 20-010-8 | K94: 350018900021413467 | L94: CS | M94: 18 | N94: 01 | O94: X | P94: AG | Q94: 20-10-H | R94: 12586771 | S94: COOKIE CRISP Cereal 14x500g N4 XB | T94: 350018900021413467 | U94: 42063156 | V94: 45869 | W94: 0001 | X94: LPR | AA94: 18 | AB94: CS | AD94: 45567 | AE94: 45567 | AI94: 145.152
A95: NE00 | B95: BP | C95: NE00 | D95: BP | E95: =VLOOKUP(R95,MATERIAL_MAPPING!A:B,2,FALSE) -> 9550 | F95: =RIGHT(G95,2) -> I1 | G95: =VLOOKUP(X95,STORAGE_UNIT_TYPE_MAPPING!A:B,2,FALSE) -> NPALLET-I1 | H95: =TEXT(AE95,"yyyymmdd") -> 20240808 | I95: =TEXT(V95,"yyyymmdd") -> 20250430 | J95: =VLOOKUP(Q95,BIN_MAPPING!A:B,2,FALSE) -> 20-011-1 | K95: 384101007340714375 | L95: CS | M95: 37 | N95: 01 | O95: X | P95: PCK | Q95: 20-11-A | R95: 12576264 | S95: DAIRY BOX Xmas Colltn 8x385g PR 2024 GB | T95: 384101007340714375 | U95: 42120291A | V95: 45777 | W95: 0001 | X95: LPR | AA95: 37 | AB95: CS | AD95: 45512 | AE95: 45512 | AI95: 155.696
A96: NE00 | B96: BP | C96: NE00 | D96: BP | E96: =VLOOKUP(R96,MATERIAL_MAPPING!A:B,2,FALSE) -> 10772 | F96: =RIGHT(G96,2) -> I1 | G96: =VLOOKUP(X96,STORAGE_UNIT_TYPE_MAPPING!A:B,2,FALSE) -> NPALLET-I1 | H96: =TEXT(AE96,"yyyymmdd") -> 20241004 | I96: =TEXT(V96,"yyyymmdd") -> 20260630 | J96: =VLOOKUP(Q96,BIN_MAPPING!A:B,2,FALSE) -> 20-011-2 | K96: 350001612890437139 | L96: CS | M96: 45 | N96: 01 | O96: X | P96: AG | Q96: 20-11-B | R96: 12583654 | S96: FELIX CiJ MV FishSelection 1(80x85g)N1XB | T96: 350001612890437139 | U96: 4166096211 | V96: 46203 | W96: 0001 | X96: CHP | AA96: 45 | AB96: CS | AD96: 45569 | AE96: 45569 | AI96: 351
... A276: NE00 | B276: BP | C276: NE00 | D276: BP | E276: =VLOOKUP(R276,MATERIAL_MAPPING!A:B,2,FALSE) -> 9862 | F276: =RIGHT(G276,2) -> I1 | G276: =VLOOKUP(X276,STORAGE_UNIT_TYPE_MAPPING!A:B,2,FALSE) -> NPALLET-I1 | H276: =TEXT(AE276,"yyyymmdd") -> 20241003 | I276: =TEXT(V276,"yyyymmdd") -> 20250930 | J276: =VLOOKUP(Q276,BIN_MAPPING!A:B,2,FALSE) -> 20-038-6 | K276: 350114768009317205 | L276: CS | M276: 20 | N276: 01 | O276: X | P276: AG | Q276: 20-35-F | R276: 12599153 | S276: CHEERIOS MU Cer 12x540g PRPA PRXB2DIG XB | T276: 350114768009317205 | U276: 42600953 | V276: 45930 | W276: 0001 | X276: LPR | AA276: 20 | AB276: CS | AD276: 45568 | AE276: 45568 | AI276: 148.428
A277: NE00 | B277: BP | C277: NE00 | D277: BP | E277: =VLOOKUP(R277,MATERIAL_MAPPING!A:B,2,FALSE) -> 10948 | F277: =RIGHT(G277,2) -> I1 | G277: =VLOOKUP(X277,STORAGE_UNIT_TYPE_MAPPING!A:B,2,FALSE) -> NPALLET-I1 | H277: =TEXT(AE277,"yyyymmdd") -> 20230220 | I277: =TEXT(V277,"yyyymmdd") -> 20241130 | J277: =VLOOKUP(Q277,BIN_MAPPING!A:B,2,FALSE) -> 20-038-7 | K277: 350103450029623438 | L277: CS | M277: 222 | N277: 08 | O277: X | P277: AG | Q277: 20-35-G | R277: 12506707 | S277: SMA Hydrate Pro 5(6x4.5g+ 6x2g) GB | T277: 350103450029623438 | U277: 30269722BA | V277: 45626 | W277: 0001 | X277: LPR | Y277: S | AA277: 222 | AB277: CS | AD277: 44977 | AE277: 44977 | AI277: 65.49
A278: NE00 | B278: BP | C278: NE00 | D278: BP | E278: =VLOOKUP(R278,MATERIAL_MAPPING!A:B,2,FALSE) -> 10907 | F278: =RIGHT(G278,2) -> I1 | G278: =VLOOKUP(X278,STORAGE_UNIT_TYPE_MAPPING!A:B,2,FALSE) -> NPALLET-I1 | H278: =TEXT(AE278,"yyyymmdd") -> 20241008 | I278: =TEXT(V278,"yyyymmdd") -> 20250630 | J278: =VLOOKUP(Q278,BIN_MAPPING!A:B,2,FALSE) -> 20-038-8 | K278: 376130442230965722 | L278: CS | M278: 186 | N278: 01 | O278: X | P278: AG | Q278: 20-35-H | R278: 12461385 | S278: ROWNTREES RANDOMS Pouch Bag 9x150g N1 XB | T278: 376130442230965722 | U278: 42620358 | V278: 45838 | W278: 0001 | X278: LPR | AA278: 186 | AB278: CS | AD278: 45573 | AE278: 45573 | AI278: 256.624
A279: NE00 | B279: BP | C279: NE00 | D279: BP | E279: =VLOOKUP(R279,MATERIAL_MAPPING!A:B,2,FALSE) -> 9629 | F279: =RIGHT(G279,2) -> I1 | G279: =VLOOKUP(X279,STORAGE_UNIT_TYPE_MAPPING!A:B,2,FALSE) -> NPALLET-I1 | H279: =TEXT(AE279,"yyyymmdd") -> 20240924 | I279: =TEXT(V279,"yyyymmdd") -> 20250531 | J279: =VLOOKUP(Q279,BIN_MAPPING!A:B,2,FALSE) -> 20-039-1 | K279: 350103475100021293 | L279: CS | M279: 56 | N279: 01 | O279: X | P279: PCK | Q279: 20-36-A | R279: 12580540 | S279: MILKYBAR Advent Calendar 12x85g N1 XB | T279: 350103475100021293 | U279: 42020950 | V279: 45808 | W279: 0001 | X279: LPR | AA279: 56 | AB279: CS | AD279: 45559 | AE279: 45559 | AI279: 101.808
A280: NE00 | B280: BP | C280: NE00 | D280: BP | E280: =VLOOKUP(R280,MATERIAL_MAPPING!A:B,2,FALSE) -> 10360 | F280: =RIGHT(G280,2) -> I1 | G280: =VLOOKUP(X280,STORAGE_UNIT_TYPE_MAPPING!A:B,2,FALSE) -> NPALLET-I1 | H280: =TEXT(AE280,"yyyymmdd") -> 20240906 | I280: =TEXT(V280,"yyyymmdd") -> 20251130 | J280: =VLOOKUP(Q280,BIN_MAPPING!A:B,2,FALSE) -> 20-039-2 | K280: 340004875640911763 | L280: CS | M280: 115 | N280: 01 | O280: X | P280: AG | Q280: 20-36-B | R280: 12400025 | S280: BAKERS SIZZLERS Bacon 6x90g XB | T280: 340004875640911763 | U280: 42370695 | V280: 45991 | W280: 0001 | X280: CHP | AA280: 115 | AB280: CS | AD280: 45541 | AE280: 45541 | AI280: 70.38
A281: NE00 | B281: BP | C281: NE00 | D281: BP | E281: =VLOOKUP(R281,MATERIAL_MAPPING!A:B,2,FALSE) -> 9580 | F281: =RIGHT(G281,2) -> I1 | G281: =VLOOKUP(X281,STORAGE_UNIT_TYPE_MAPPING!A:B,2,FALSE) -> NPALLET-I1 | H281: =TEXT(AE281,"yyyymmdd") -> 20241010 | I281: =TEXT(V281,"yyyymmdd") -> 20250831 | J281: =VLOOKUP(Q281,BIN_MAPPING!A:B,2,FALSE) -> 20-039-3 | K281: 350103471909243973 | L281: CS | M281: 80 | N281: 01 | O281: X | P281: AG | Q281: 20-36-C | R281: 12579475 | S281: QUALITY STREET Mixed Creme Pch 8x281g XB | T281: 350103471909243973 | U281: 42201042E | V281: 45900 | W281: 0001 | X281: LPR | AA281: 80 | AB281: CS | AD281: 45575 | AE281: 45575 | AI281: 192.576
A282: NE00 | B282: BP | C282: NE00 | D282: BP | E282: =VLOOKUP(R282,MATERIAL_MAPPING!A:B,2,FALSE) -> 9638 | F282: =RIGHT(G282,2) -> I1 | G282: =VLOOKUP(X282,STORAGE_UNIT_TYPE_MAPPING!A:B,2,FALSE) -> NPALLET-I1 | H282: =TEXT(AE282,"yyyymmdd") -> 20241001 | I282: =TEXT(V282,"yyyymmdd") -> 20250731 | J282: =VLOOKUP(Q282,BIN_MAPPING!A:B,2,FALSE) -> 20-039-4 | K282: 376130308202800951 | L282: CS | M282: 320 | N282: 01 | O282: X | P282: AG | Q282: 20-36-D | R282: 12580786 | S282: QUALITY STREET 600g Tub N2 XB | T282: 376130308202800951 | U282: 42071042H | V282: 45869 | W282: 0001 | X282: LPR | AA282: 320 | AB282: EA | AD282: 45566 | AE282: 45566 | AI282: 234.56
A283: NE00 | B283: BP | C283: NE00 | D283: BP | E283: =VLOOKUP(R283,MATERIAL_MAPPING!A:B,2,FALSE) -> 10255 | F283: =RIGHT(G283,2) -> I1 | G283: =VLOOKUP(X283,STORAGE_UNIT_TYPE_MAPPING!A:B,2,FALSE) -> NPALLET-I1 | H283: =TEXT(AE283,"yyyymmdd") -> 20240923 | I283: =TEXT(V283,"yyyymmdd") -> 20260331 | J283: =VLOOKUP(Q283,BIN_MAPPING!A:B,2,FALSE) -> 20-039-5 | K283: 501443990002391721 | L283: CS | M283: 84 | N283: 01 | O283: X | P283: AG | Q283: 20-36-E | R283: 12353659 | S283: BONIO THE ORIGINAL BiFc 5x650g N1 XB | T283: 501443990002391721 | U283: 4247092900 | V283: 46112 | W283: 0001 | X283: CHP | AA283: 84 | AB283: CS | AD283: 45558 | AE283: 45558 | AI283: 298.2
A284: NE00 | B284: BP | C284: NE00 | D284: BP | E284: =VLOOKUP(R284,MATERIAL_MAPPING!A:B,2,FALSE) -> 9485 | F284: =RIGHT(G284,2) -> I1 | G284: =VLOOKUP(X284,STORAGE_UNIT_TYPE_MAPPING!A:B,2,FALSE) -> NPALLET-I1 | H284: =TEXT(AE284,"yyyymmdd") -> 20241010 | I284: =TEXT(V284,"yyyymmdd") -> 20250930 | J284: =VLOOKUP(Q284,BIN_MAPPING!A:B,2,FALSE) -> 20-039-6 | K284: 350103474955947574 | L284: CS | M284: 196 | N284: 01 | O284: X | P284: AG | Q284: 20-36-F | R284: 12571922 | S284: NESCAFE MOCHA DbCl 8Sac 6x167.2g GB | T284: 350103474955947574 | U284: 42551091T | V284: 45930 | W284: 0001 | X284: LPR | AA284: 196 | AB284: CS | AD284: 45575 | AE284: 45575 | AI284: 241.456
A285: NE00 | B285: BP | C285: NE00 | D285: BP | E285: =VLOOKUP(R285,MATERIAL_MAPPING!A:B,2,FALSE) -> 10202 | F285: =RIGHT(G285,2) -> I1 | G285: =VLOOKUP(X285,STORAGE_UNIT_TYPE_MAPPING!A:B,2,FALSE) -> NPALLET-I1 | H285: =TEXT(AE285,"yyyymmdd") -> 20240812 | I285: =TEXT(V285,"yyyymmdd") -> 20250731 | J285: =VLOOKUP(Q285,BIN_MAPPING!A:B,2,FALSE) -> 20-039-8 | K285: 376130308202760637 | L285: CS | M285: 280 | N285: 01 | O285: X | P285: AG | Q285: 20-36-H | R285: 12249230 | S285: BAKERS ALLSORTS 6x98g GB | T285: 376130308202760637 | U285: 421120D1 | V285: 45869 | W285: 0001 | X285: CHP | AA285: 280 | AB285: CS | AD285: 45516 | AE285: 45516 | AI285: 173.04
A286: NE00 | B286: BP | C286: NE00 | D286: BP | E286: =VLOOKUP(R286,MATERIAL_MAPPING!A:B,2,FALSE) -> 9893 | F286: =RIGHT(G286,2) -> I1 | G286: =VLOOKUP(X286,STORAGE_UNIT_TYPE_MAPPING!A:B,2,FALSE) -> NPALLET-I1 | H286: =TEXT(AE286,"yyyymmdd") -> 20240826 | I286: =TEXT(V286,"yyyymmdd") -> 20250331 | J286: =VLOOKUP(Q286,BIN_MAPPING!A:B,2,FALSE) -> 20-040-1 | K286: 376130355103726934 | L286: CS | M286: 5 | N286: 01 | O286: X | P286: PCK | Q286: 20-37-A | R286: 12602202 | S286: RWT Mxd GntTb PFU 20.700kg PR XMAS IE | T286: 376130355103726934 | U286: 42060948 | V286: 45747 | W286: 0001 | X286: LPR | AA286: 5 | AB286: EA | AD286: 45530 | AE286: 45530 | AI286: 144.5
A287: NE00 | B287: BP | C287: NE00 | D287: BP | E287: =VLOOKUP(R287,MATERIAL_MAPPING!A:B,2,FALSE) -> 8581 | F287: =RIGHT(G287,2) -> I1 | G287: =VLOOKUP(X287,STORAGE_UNIT_TYPE_MAPPING!A:B,2,FALSE) -> NPALLET-I1 | H287: =TEXT(AE287,"yyyymmdd") -> 20240916 | I287: =TEXT(V287,"yyyymmdd") -> 20260228 | J287: =VLOOKUP(Q287,BIN_MAPPING!A:B,2,FALSE) -> 20-040-2 | K287: 350103474892704483 | L287: CS | M287: 300 | N287: 01 | O287: X | P287: AG | Q287: 20-37-B | R287: 12522123 | S287: NESCAFE AZERA AMERICANO Int 6x90g N1 GB | T287: 350103474892704483 | U287: 42211092 | V287: 46081 | W287: 0001 | X287: LPR | AA287: 300 | AB287: CS | AD287: 45551 | AE287: 45551 | AI287: 257.4
A288: NE00 | B288: BP | C288: NE00 | D288: BP | E288: =VLOOKUP(R288,MATERIAL_MAPPING!A:B,2,FALSE) -> 10888 | F288: =RIGHT(G288,2) -> I1 | G288: =VLOOKUP(X288,STORAGE_UNIT_TYPE_MAPPING!A:B,2,FALSE) -> NPALLET-I1 | H288: =TEXT(AE288,"yyyymmdd") -> 20240918 | I288: =TEXT(V288,"yyyymmdd") -> 20270930 | J288: =VLOOKUP(Q288,BIN_MAPPING!A:B,2,FALSE) -> 20-040-3 | K288: 387142530450338004 | L288: CS | M288: 80 | N288: 01 | O288: X | P288: AG | Q288: 20-37-C | R288: 12468218 | S288: VP Collagen Peptides 6x567g GB | T288: 387142530450338004 | U288: 4066635 | V288: 46660 | W288: 0001 | X288: LPR | AA288: 80 | AB288: CS | AD288: 45553 | AE288: 45553 | AI288: 333.12
A289: NE00 | B289: BP | C289: NE00 | D289: BP | E289: =VLOOKUP(R289,MATERIAL_MAPPING!A:B,2,FALSE) -> 9638 | F289: =RIGHT(G289,2) -> I1 | G289: =VLOOKUP(X289,STORAGE_UNIT_TYPE_MAPPING!A:B,2,FALSE) -> NPALLET-I1 | H289: =TEXT(AE289,"yyyymmdd") -> 20241001 | I289: =TEXT(V289,"yyyymmdd") -> 20250731 | J289: =VLOOKUP(Q289,BIN_MAPPING!A:B,2,FALSE) -> 20-040-4 | K289: 376130308202800548 | L289: CS | M289: 320 | N289: 01 | O289: X | P289: AG | Q289: 20-37-D | R289: 12580786 | S289: QUALITY STREET 600g Tub N2 XB | T289: 376130308202800548 | U289: 42051042D | V289: 45869 | W289: 0001 | X289: LPR | AA289: 320 | AB289: EA | AD289: 45566 | AE289: 45566 | AI289: 234.56
... A734: NE00 | B734: BP | C734: NE00 | D734: BP | E734: =VLOOKUP(R734,MATERIAL_MAPPING!A:B,2,FALSE) -> 8937 | F734: =RIGHT(G734,2) -> I1 | G734: =VLOOKUP(X734,STORAGE_UNIT_TYPE_MAPPING!A:B,2,FALSE) -> NPALLET-I1 | H734: =TEXT(AE734,"yyyymmdd") -> 20240913 | I734: =TEXT(V734,"yyyymmdd") -> 20250531 | J734: =VLOOKUP(Q734,BIN_MAPPING!A:B,2,FALSE) -> 21-026-2 | K734: 350103471816556180 | L734: CS | M734: 69 | N734: 01 | O734: X | P734: AG | Q734: 21-26-B | R734: 12538509 | S734: ROWNTREES Berry Hearts 10x115g XB | T734: 350103471816556180 | U734: 42340358 | V734: 45808 | W734: 0001 | X734: LPR | AA734: 69 | AB734: CS | AD734: 45548 | AE734: 45548 | AI734: 81.627
A735: NE00 | B735: BP | C735: NE00 | D735: BP | E735: =VLOOKUP(R735,MATERIAL_MAPPING!A:B,2,FALSE) -> 10951 | F735: =RIGHT(G735,2) -> E1 | G735: =VLOOKUP(X735,STORAGE_UNIT_TYPE_MAPPING!A:B,2,FALSE) -> NPALLET-E1 | H735: =TEXT(AE735,"yyyymmdd") -> 20231026 | I735: =TEXT(V735,"yyyymmdd") -> 20250630 | J735: =VLOOKUP(Q735,BIN_MAPPING!A:B,2,FALSE) -> 21-026-3 | K735: 350103472347550623 | L735: CS | M735: 1 | N735: 08 | O735: X | P735: AG | Q735: 21-26-B1 | R735: 12535652 | S735: MINAMI MORDHA Kids 3Yrs+ 24x60Caps N1 XB | T735: 350103472347550623 | U735: 2362977 | V735: 45838 | W735: 0001 | X735: EUR | Y735: S | AA735: 1 | AB735: CS | AD735: 45225 | AE735: 45225 | AI735: 1.656
A736: NE00 | B736: BP | C736: NE00 | D736: BP | E736: =VLOOKUP(R736,MATERIAL_MAPPING!A:B,2,FALSE) -> 10567 | F736: =RIGHT(G736,2) -> I1 | G736: =VLOOKUP(X736,STORAGE_UNIT_TYPE_MAPPING!A:B,2,FALSE) -> NPALLET-I1 | H736: =TEXT(AE736,"yyyymmdd") -> 20241008 | I736: =TEXT(V736,"yyyymmdd") -> 20260930 | J736: =VLOOKUP(Q736,BIN_MAPPING!A:B,2,FALSE) -> 21-026-4 | K736: 376130328237254758 | L736: CS | M736: 120 | N736: 01 | O736: X | P736: AG | Q736: 21-26-C | R736: 12499561 | S736: ONE PALATE Cat GiGMVChkn112 5(8x85g)N2GB | T736: 376130328237254758 | U736: 4263969051 | V736: 46295 | W736: 0001 | X736: CHP | AA736: 120 | AB736: CS | AD736: 45573 | AE736: 45573 | AI736: 457.2
A737: NE00 | B737: BP | C737: NE00 | D737: BP | E737: =VLOOKUP(R737,MATERIAL_MAPPING!A:B,2,FALSE) -> 10833 | F737: =RIGHT(G737,2) -> I1 | G737: =VLOOKUP(X737,STORAGE_UNIT_TYPE_MAPPING!A:B,2,FALSE) -> NPALLET-I1 | H737: =TEXT(AE737,"yyyymmdd") -> 20240916 | I737: =TEXT(V737,"yyyymmdd") -> 20251130 | J737: =VLOOKUP(Q737,BIN_MAPPING!A:B,2,FALSE) -> 21-026-5 | K737: 340004875640938913 | L737: CS | M737: 115 | N737: 01 | O737: X | P737: AG | Q737: 21-26-D | R737: 12596479 | S737: BAKERS SIZZLERS Bacon 6x90g PRXMAS N1 XB | T737: 340004875640938913 | U737: 42440695 | V737: 45991 | W737: 0001 | X737: CHP | AA737: 115 | AB737: CS | AD737: 45551 | AE737: 45551 | AI737: 70.38
A738: NE00 | B738: BP | C738: NE00 | D738: BP | E738: =VLOOKUP(R738,MATERIAL_MAPPING!A:B,2,FALSE) -> 10771 | F738: =RIGHT(G738,2) -> I1 | G738: =VLOOKUP(X738,STORAGE_UNIT_TYPE_MAPPING!A:B,2,FALSE) -> NPALLET-I1 | H738: =TEXT(AE738,"yyyymmdd") -> 20240822 | I738: =TEXT(V738,"yyyymmdd") -> 20260630 | J738: =VLOOKUP(Q738,BIN_MAPPING!A:B,2,FALSE) -> 21-026-6 | K738: 376130308202768602 | L738: CS | M738: 105 | N738: 01 | O738: X | P738: AG | Q738: 21-26-E | R738: 12573498 | S738: FELIX CiJ MV Mixed Selection 4(12x85g)XB | T738: 376130308202768602 | U738: 4224T931 | V738: 46203 | W738: 0001 | X738: CHP | AA738: 105 | AB738: CS | AD738: 45526 | AE738: 45526 | AI738: 508.2
A739: NE00 | B739: BP | C739: NE00 | D739: BP | E739: =VLOOKUP(R739,MATERIAL_MAPPING!A:B,2,FALSE) -> 10696 | F739: =RIGHT(G739,2) -> I1 | G739: =VLOOKUP(X739,STORAGE_UNIT_TYPE_MAPPING!A:B,2,FALSE) -> NPALLET-I1 | H739: =TEXT(AE739,"yyyymmdd") -> 20240723 | I739: =TEXT(V739,"yyyymmdd") -> 20251031 | J739: =VLOOKUP(Q739,BIN_MAPPING!A:B,2,FALSE) -> 21-026-7 | K739: 340004875640750164 | L739: CS | M739: 80 | N739: 01 | O739: X | P739: AG | Q739: 21-26-F | R739: 12560527 | S739: BAKERS SIZZLERS Maxi Bacon 3x315g GB | T739: 340004875640750164 | U739: 41910695 | V739: 45961 | W739: 0001 | X739: CHP | AA739: 80 | AB739: CS | AD739: 45496 | AE739: 45496 | AI739: 79.2
A740: NE00 | B740: BP | C740: NE00 | D740: BP | E740: =VLOOKUP(R740,MATERIAL_MAPPING!A:B,2,FALSE) -> 9708 | F740: =RIGHT(G740,2) -> I1 | G740: =VLOOKUP(X740,STORAGE_UNIT_TYPE_MAPPING!A:B,2,FALSE) -> NPALLET-I1 | H740: =TEXT(AE740,"yyyymmdd") -> 20241002 | I740: =TEXT(V740,"yyyymmdd") -> 20250731 | J740: =VLOOKUP(Q740,BIN_MAPPING!A:B,2,FALSE) -> 21-026-8 | K740: 350018900021417083 | L740: CS | M740: 18 | N740: 01 | O740: X | P740: AG | Q740: 21-26-G | R740: 12586771 | S740: COOKIE CRISP Cereal 14x500g N4 XB | T740: 350018900021417083 | U740: 42073156 | V740: 45869 | W740: 0001 | X740: LPR | AA740: 18 | AB740: CS | AD740: 45567 | AE740: 45567 | AI740: 145.152
A741: NE00 | B741: BP | C741: NE00 | D741: BP | E741: =VLOOKUP(R741,MATERIAL_MAPPING!A:B,2,FALSE) -> 10829 | F741: =RIGHT(G741,2) -> I1 | G741: =VLOOKUP(X741,STORAGE_UNIT_TYPE_MAPPING!A:B,2,FALSE) -> NPALLET-I1 | H741: =TEXT(AE741,"yyyymmdd") -> 20240926 | I741: =TEXT(V741,"yyyymmdd") -> 20250930 | J741: =VLOOKUP(Q741,BIN_MAPPING!A:B,2,FALSE) -> 21-026-9 | K741: 340004875640976601 | L741: CS | M741: 115 | N741: 01 | O741: X | P741: AG | Q741: 21-26-H | R741: 12596449 | S741: BAKERS WHIRLERS Bcn&Chse6x130gPRXMASN1XB | T741: 340004875640976601 | U741: 42550695 | V741: 45930 | W741: 0001 | X741: CHP | AA741: 115 | AB741: CS | AD741: 45561 | AE741: 45561 | AI741: 97.98
A742: NE00 | B742: BP | C742: NE00 | D742: BP | E742: =VLOOKUP(R742,MATERIAL_MAPPING!A:B,2,FALSE) -> 10944 | F742: =RIGHT(G742,2) -> I1 | G742: =VLOOKUP(X742,STORAGE_UNIT_TYPE_MAPPING!A:B,2,FALSE) -> NPALLET-I1 | H742: =TEXT(AE742,"yyyymmdd") -> 20231216 | I742: =TEXT(V742,"yyyymmdd") -> 20250430 | J742: =VLOOKUP(Q742,BIN_MAPPING!A:B,2,FALSE) -> 21-027-1 | K742: 376130308202571004 | L742: CS | M742: 68 | N742: 01 | O742: X | P742: PCK | Q742: 21-27-A | R742: 12457956 | S742: PRO PLAN STRLS CatGiGChknMP4(10x85g)N1GB | T742: 376130308202571004 | U742: 3114969051 | V742: 45777 | W742: 0001 | X742: CHP | AA742: 68 | AB742: EA | AD742: 45276 | AE742: 45276 | AI742: 67.32
A743: NE00 | B743: BP | C743: NE00 | D743: BP | E743: =VLOOKUP(R743,MATERIAL_MAPPING!A:B,2,FALSE) -> 9583 | F743: =RIGHT(G743,2) -> I1 | G743: =VLOOKUP(X743,STORAGE_UNIT_TYPE_MAPPING!A:B,2,FALSE) -> NPALLET-I1 | H743: =TEXT(AE743,"yyyymmdd") -> 20241008 | I743: =TEXT(V743,"yyyymmdd") -> 20250331 | J743: =VLOOKUP(Q743,BIN_MAPPING!A:B,2,FALSE) -> 21-027-2 | K743: 350103471705326269 | L743: CS | M743: 50 | N743: 01 | O743: X | P743: AG | Q743: 21-27-B | R743: 12579480 | S743: QLTY ST Strw Creme Carton 6x290g XB | T743: 350103471705326269 | U743: 42744826 | V743: 45747 | W743: 0001 | X743: LPR | AA743: 50 | AB743: CS | AD743: 45573 | AE743: 45573 | AI743: 101.16
A744: NE00 | B744: BP | C744: NE00 | D744: BP | E744: =VLOOKUP(R744,MATERIAL_MAPPING!A:B,2,FALSE) -> 10364 | F744: =RIGHT(G744,2) -> I1 | G744: =VLOOKUP(X744,STORAGE_UNIT_TYPE_MAPPING!A:B,2,FALSE) -> NPALLET-I1 | H744: =TEXT(AE744,"yyyymmdd") -> 20240926 | I744: =TEXT(V744,"yyyymmdd") -> 20260831 | J744: =VLOOKUP(Q744,BIN_MAPPING!A:B,2,FALSE) -> 21-027-4 | K744: 350001612890927098 | L744: CS | M744: 105 | N744: 01 | O744: X | P744: AG | Q744: 21-27-C | R744: 12404061 | S744: WNLTPRFPORTSDIRCiGMVTrky194(12x100g)N2XB | T744: 350001612890927098 | U744: 4251096203 | V744: 46265 | W744: 0001 | X744: CHP | AA744: 105 | AB744: CS | AD744: 45561 | AE744: 45561 | AI744: 567
A745: NE00 | B745: BP | C745: NE00 | D745: BP | E745: =VLOOKUP(R745,MATERIAL_MAPPING!A:B,2,FALSE) -> 9676 | F745: =RIGHT(G745,2) -> I1 | G745: =VLOOKUP(X745,STORAGE_UNIT_TYPE_MAPPING!A:B,2,FALSE) -> NPALLET-I1 | H745: =TEXT(AE745,"yyyymmdd") -> 20241010 | I745: =TEXT(V745,"yyyymmdd") -> 20250930 | J745: =VLOOKUP(Q745,BIN_MAPPING!A:B,2,FALSE) -> 21-027-5 | K745: 350103474955986023 | L745: CS | M745: 196 | N745: 01 | O745: X | P745: AG | Q745: 21-27-D | R745: 12586316 | S745: NESCAFE MOCHA Peppermint 7Sac 6x133g GB | T745: 350103474955986023 | U745: 42631091H | V745: 45930 | W745: 0001 | X745: LPR | AA745: 196 | AB745: CS | AD745: 45575 | AE745: 45575 | AI745: 199.25
A746: NE00 | B746: BP | C746: NE00 | D746: BP | E746: =VLOOKUP(R746,MATERIAL_MAPPING!A:B,2,FALSE) -> 10735 | F746: =RIGHT(G746,2) -> I1 | G746: =VLOOKUP(X746,STORAGE_UNIT_TYPE_MAPPING!A:B,2,FALSE) -> NPALLET-I1 | H746: =TEXT(AE746,"yyyymmdd") -> 20240220 | I746: =TEXT(V746,"yyyymmdd") -> 20260131 | J746: =VLOOKUP(Q746,BIN_MAPPING!A:B,2,FALSE) -> 21-027-6 | K746: 330337162082127040 | L746: CS | M746: 114 | N746: 01 | O746: X | P746: AG | Q746: 21-27-E | R746: 12571358 | S746: GRMT NTRCRTNS GrvHrtMVOFish10 6(8x85g)GB | T746: 330337162082127040 | U746: 4038090890 | V746: 46053 | W746: 0001 | X746: CHP | AA746: 114 | AB746: CS | AD746: 45342 | AE746: 45342 | AI746: 554.04
A747: NE00 | B747: BP | C747: NE00 | D747: BP | E747: =VLOOKUP(R747,MATERIAL_MAPPING!A:B,2,FALSE) -> 9217 | F747: =RIGHT(G747,2) -> I1 | G747: =VLOOKUP(X747,STORAGE_UNIT_TYPE_MAPPING!A:B,2,FALSE) -> NPALLET-I1 | H747: =TEXT(AE747,"yyyymmdd") -> 20240917 | I747: =TEXT(V747,"yyyymmdd") -> 20250430 | J747: =VLOOKUP(Q747,BIN_MAPPING!A:B,2,FALSE) -> 21-027-7 | K747: 350114768008975567 | L747: CS | M747: 24 | N747: 01 | O747: X | P747: AG | Q747: 21-27-F | R747: 12554143 | S747: DUNNES FRST FLKS Cer 12x500g PR PSIM XB | T747: 350114768008975567 | U747: 42050953 | V747: 45777 | W747: 0001 | X747: LPR | AA747: 24 | AB747: CS | AD747: 45552 | AE747: 45552 | AI747: 164.079
... A766: NE00 | B766: BP | C766: NE00 | D766: BP | E766: =VLOOKUP(R766,MATERIAL_MAPPING!A:B,2,FALSE) -> 10569 | F766: =RIGHT(G766,2) -> I1 | G766: =VLOOKUP(X766,STORAGE_UNIT_TYPE_MAPPING!A:B,2,FALSE) -> NPALLET-I1 | H766: =TEXT(AE766,"yyyymmdd") -> 20241010 | I766: =TEXT(V766,"yyyymmdd") -> 20260228 | J766: =VLOOKUP(Q766,BIN_MAPPING!A:B,2,FALSE) -> 21-030-1 | K766: 376130308202810110 | L766: CS | M766: 97 | N766: 01 | O766: X | P766: PCK | Q766: 21-30-A | R766: 12502441 | S766: GOURMET MNPT GiG MVChkn37 8(6x50g) N2 GB | T766: 376130308202810110 | U766: 42359718G0 | V766: 46081 | W766: 0001 | X766: CHP | AA766: 97 | AB766: CS | AD766: 45575 | AE766: 45575 | AI766: 263.84
A767: NE00 | B767: BP | C767: NE00 | D767: BP | E767: =VLOOKUP(R767,MATERIAL_MAPPING!A:B,2,FALSE) -> 10587 | F767: =RIGHT(G767,2) -> I1 | G767: =VLOOKUP(X767,STORAGE_UNIT_TYPE_MAPPING!A:B,2,FALSE) -> NPALLET-I1 | H767: =TEXT(AE767,"yyyymmdd") -> 20230808 | I767: =TEXT(V767,"yyyymmdd") -> 20241231 | J767: =VLOOKUP(Q767,BIN_MAPPING!A:B,2,FALSE) -> 21-030-3 | K767: 350001610379339813 | L767: CS | M767: 2 | N767: 08 | O767: X | P767: AG | Q767: 21-30-B1 | R767: 12505717 | S767: BAKERS ADULT Chck&Veg&WhlG 12kg XB N2 | T767: 350001610379339813 | U767: 3177093106 | V767: 45657 | W767: 0001 | X767: CHP | Y767: S | AA767: 2 | AB767: CS | AD767: 45146 | AE767: 45146 | AI767: 24.4
A768: NE00 | B768: BP | C768: NE00 | D768: BP | E768: =VLOOKUP(R768,MATERIAL_MAPPING!A:B,2,FALSE) -> 10242 | F768: =RIGHT(G768,2) -> I1 | G768: =VLOOKUP(X768,STORAGE_UNIT_TYPE_MAPPING!A:B,2,FALSE) -> NPALLET-I1 | H768: =TEXT(AE768,"yyyymmdd") -> 20240812 | I768: =TEXT(V768,"yyyymmdd") -> 20251231 | J768: =VLOOKUP(Q768,BIN_MAPPING!A:B,2,FALSE) -> 21-030-4 | K768: 350001610370369130 | L768: CS | M768: 2 | N768: 01 | O768: X | P768: AG | Q768: 21-30-C | R768: 12366981 | S768: PRO PLAN MEDIUMPUPPYStveDigtLamb12kgN1XE | T768: 350001610370369130 | U768: 4176093109 | V768: 46022 | W768: 0001 | X768: CHP | AA768: 2 | AB768: CS | AD768: 45516 | AE768: 45516 | AI768: 24.6
A769: NE00 | B769: BP | C769: NE00 | D769: BP | E769: =VLOOKUP(R769,MATERIAL_MAPPING!A:B,2,FALSE) -> 8167 | F769: =RIGHT(G769,2) -> I1 | G769: =VLOOKUP(X769,STORAGE_UNIT_TYPE_MAPPING!A:B,2,FALSE) -> NPALLET-I1 | H769: =TEXT(AE769,"yyyymmdd") -> 20241008 | I769: =TEXT(V769,"yyyymmdd") -> 20250831 | J769: =VLOOKUP(Q769,BIN_MAPPING!A:B,2,FALSE) -> 21-030-5 | K769: 340055003273100047 | L769: CS | M769: 192 | N769: 01 | O769: X | P769: AG | Q769: 21-30-D | R769: 12396892 | S769: NESCAFE DLC GST Chocno 16Cap 3x256g N1GB | T769: 340055003273100047 | U769: 42397016A | V769: 45900 | W769: 0001 | X769: LPR | AA769: 192 | AB769: CS | AD769: 45573 | AE769: 45573 | AI769: 196.358
A770: NE00 | B770: BP | C770: NE00 | D770: BP | E770: =VLOOKUP(R770,MATERIAL_MAPPING!A:B,2,FALSE) -> 10383 | F770: =RIGHT(G770,2) -> I1 | G770: =VLOOKUP(X770,STORAGE_UNIT_TYPE_MAPPING!A:B,2,FALSE) -> NPALLET-I1 | H770: =TEXT(AE770,"yyyymmdd") -> 20241007 | I770: =TEXT(V770,"yyyymmdd") -> 20260930 | J770: =VLOOKUP(Q770,BIN_MAPPING!A:B,2,FALSE) -> 21-030-6 | K770: 350001612891081591 | L770: CS | M770: 120 | N770: 01 | O770: X | P770: AG | Q770: 21-30-E | R770: 12434870 | S770: WINALOTPRFPORT CiJ GFMVBf&Crt1 40x100gXB | T770: 350001612891081591 | U770: 4278096201 | V770: 46295 | W770: 0001 | X770: CHP | AA770: 120 | AB770: CS | AD770: 45572 | AE770: 45572 | AI770: 552
A771: NE00 | B771: BP | C771: NE00 | D771: BP | E771: =VLOOKUP(R771,MATERIAL_MAPPING!A:B,2,FALSE) -> 10418 | F771: =RIGHT(G771,2) -> I1 | G771: =VLOOKUP(X771,STORAGE_UNIT_TYPE_MAPPING!A:B,2,FALSE) -> NPALLET-I1 | H771: =TEXT(AE771,"yyyymmdd") -> 20241007 | I771: =TEXT(V771,"yyyymmdd") -> 20260831 | J771: =VLOOKUP(Q771,BIN_MAPPING!A:B,2,FALSE) -> 21-030-7 | K771: 350001612891043070 | L771: CS | M771: 105 | N771: 01 | O771: X | P771: AG | Q771: 21-30-F | R771: 12447829 | S771: FELIX SNRAGAILGiJMVMtySlcn4(12x100g)XB | T771: 350001612891043070 | U771: 4271096202 | V771: 46265 | W771: 0001 | X771: CHP | AA771: 105 | AB771: CS | AD771: 45572 | AE771: 45572 | AI771: 567
A772: NE00 | B772: BP | C772: NE00 | D772: BP | E772: =VLOOKUP(R772,MATERIAL_MAPPING!A:B,2,FALSE) -> 10360 | F772: =RIGHT(G772,2) -> I1 | G772: =VLOOKUP(X772,STORAGE_UNIT_TYPE_MAPPING!A:B,2,FALSE) -> NPALLET-I1 | H772: =TEXT(AE772,"yyyymmdd") -> 20240904 | I772: =TEXT(V772,"yyyymmdd") -> 20251130 | J772: =VLOOKUP(Q772,BIN_MAPPING!A:B,2,FALSE) -> 21-030-8 | K772: 340004875640912302 | L772: CS | M772: 115 | N772: 01 | O772: X | P772: AG | Q772: 21-30-G | R772: 12400025 | S772: BAKERS SIZZLERS Bacon 6x90g XB | T772: 340004875640912302 | U772: 42370695 | V772: 45991 | W772: 0001 | X772: CHP | AA772: 115 | AB772: CS | AD772: 45539 | AE772: 45539 | AI772: 70.38
A773: NE00 | B773: BP | C773: NE00 | D773: BP | E773: =VLOOKUP(R773,MATERIAL_MAPPING!A:B,2,FALSE) -> 10185 | F773: =RIGHT(G773,2) -> I1 | G773: =VLOOKUP(X773,STORAGE_UNIT_TYPE_MAPPING!A:B,2,FALSE) -> NPALLET-I1 | H773: =TEXT(AE773,"yyyymmdd") -> 20240926 | I773: =TEXT(V773,"yyyymmdd") -> 20250930 | J773: =VLOOKUP(Q773,BIN_MAPPING!A:B,2,FALSE) -> 21-030-9 | K773: 340004875640984385 | L773: CS | M773: 115 | N773: 01 | O773: X | P773: AG | Q773: 21-30-H | R773: 12113878 | S773: BAKERS DENTAL DELICIOUS Chkn 6x200g GB | T773: 340004875640984385 | U773: 42560695 | V773: 45930 | W773: 0001 | X773: CHP | AA773: 115 | AB773: CS | AD773: 45561 | AE773: 45561 | AI773: 146.28
A774: NE00 | B774: BP | C774: NE00 | D774: BP | E774: =VLOOKUP(R774,MATERIAL_MAPPING!A:B,2,FALSE) -> 10641 | F774: =RIGHT(G774,2) -> I1 | G774: =VLOOKUP(X774,STORAGE_UNIT_TYPE_MAPPING!A:B,2,FALSE) -> NPALLET-I1 | H774: =TEXT(AE774,"yyyymmdd") -> 20240902 | I774: =TEXT(V774,"yyyymmdd") -> 20260131 | J774: =VLOOKUP(Q774,BIN_MAPPING!A:B,2,FALSE) -> 21-031-1 | K774: 376130340111418803 | L774: CS | M774: 101 | N774: 01 | O774: X | P774: PCK | Q774: 21-31-A | R774: 12518572 | S774: FELIX Sp Sti GiG MV FishSlcn8(6x48g)N1GB | T774: 376130340111418803 | U774: 42169718F0 | V774: 46053 | W774: 0001 | X774: CHP | AA774: 101 | AB774: CS | AD774: 45537 | AE774: 45537 | AI774: 265.024
A775: NE00 | B775: BP | C775: NE00 | D775: BP | E775: =VLOOKUP(R775,MATERIAL_MAPPING!A:B,2,FALSE) -> 8072 | F775: =RIGHT(G775,2) -> I1 | G775: =VLOOKUP(X775,STORAGE_UNIT_TYPE_MAPPING!A:B,2,FALSE) -> NPALLET-I1 | H775: =TEXT(AE775,"yyyymmdd") -> 20240925 | I775: =TEXT(V775,"yyyymmdd") -> 20250831 | J775: =VLOOKUP(Q775,BIN_MAPPING!A:B,2,FALSE) -> 21-031-2 | K775: 376130355104897503 | L775: CS | M775: 224 | N775: 01 | O775: X | P775: AG | Q775: 21-31-B | R775: 12338232 | S775: ROLO MP 12(4x41.6g)XB | T775: 376130355104897503 | U775: 42611042 | V775: 45900 | W775: 0001 | X775: LPR | AA775: 224 | AB775: CS | AD775: 45560 | AE775: 45560 | AI775: 478.464
A776: NE00 | B776: BP | C776: NE00 | D776: BP | E776: =VLOOKUP(R776,MATERIAL_MAPPING!A:B,2,FALSE) -> 9207 | F776: =RIGHT(G776,2) -> E1 | G776: =VLOOKUP(X776,STORAGE_UNIT_TYPE_MAPPING!A:B,2,FALSE) -> NPALLET-E1 | H776: =TEXT(AE776,"yyyymmdd") -> 20240311 | I776: =TEXT(V776,"yyyymmdd") -> 20260430 | J776: =VLOOKUP(Q776,BIN_MAPPING!A:B,2,FALSE) -> 21-031-3 | K776: 350103471704878882 | L776: CS | M776: 3 | N776: 01 | O776: X | P776: AG | Q776: 21-31-B1 | R776: 12555801 | S776: MINAMI MORDHA Kids 3+ 24x60Caps GB | T776: 350103471704878882 | U776: 2364705 | V776: 46142 | W776: 0001 | X776: EUR | AA776: 3 | AB776: CS | AD776: 45362 | AE776: 45362 | AI776: 4.995
A777: NE00 | B777: BP | C777: NE00 | D777: BP | E777: =VLOOKUP(R777,MATERIAL_MAPPING!A:B,2,FALSE) -> 10429 | F777: =RIGHT(G777,2) -> I1 | G777: =VLOOKUP(X777,STORAGE_UNIT_TYPE_MAPPING!A:B,2,FALSE) -> NPALLET-I1 | H777: =TEXT(AE777,"yyyymmdd") -> 20241007 | I777: =TEXT(V777,"yyyymmdd") -> 20260331 | J777: =VLOOKUP(Q777,BIN_MAPPING!A:B,2,FALSE) -> 21-031-4 | K777: 340004875240850493 | L777: CS | M777: 115 | N777: 01 | O777: X | P777: AG | Q777: 21-31-C | R777: 12452299 | S777: DENTALIFE MEDIUM 6x115g 5Stk GB | T777: 340004875240850493 | U777: 42670695 | V777: 46112 | W777: 0001 | X777: CHP | AA777: 115 | AB777: CS | AD777: 45572 | AE777: 45572 | AI777: 85.56
A778: NE00 | B778: BP | C778: NE00 | D778: BP | E778: =VLOOKUP(R778,MATERIAL_MAPPING!A:B,2,FALSE) -> 9312 | F778: =RIGHT(G778,2) -> I1 | G778: =VLOOKUP(X778,STORAGE_UNIT_TYPE_MAPPING!A:B,2,FALSE) -> NPALLET-I1 | H778: =TEXT(AE778,"yyyymmdd") -> 20240924 | I778: =TEXT(V778,"yyyymmdd") -> 20250430 | J778: =VLOOKUP(Q778,BIN_MAPPING!A:B,2,FALSE) -> 21-031-5 | K778: 350103475120196056 | L778: CS | M778: 112 | N778: 01 | O778: X | P778: AG | Q778: 21-31-D | R778: 12558504 | S778: NESTLE Kids Med Slcn Box 9x129.4g N1 XB | T778: 350103475120196056 | U778: 41934826 | V778: 45777 | W778: 0001 | X778: LPR | AA778: 112 | AB778: CS | AD778: 45559 | AE778: 45559 | AI778: 166.824
A779: NE00 | B779: BP | C779: NE00 | D779: BP | E779: =VLOOKUP(R779,MATERIAL_MAPPING!A:B,2,FALSE) -> 9371 | F779: =RIGHT(G779,2) -> I1 | G779: =VLOOKUP(X779,STORAGE_UNIT_TYPE_MAPPING!A:B,2,FALSE) -> NPALLET-I1 | H779: =TEXT(AE779,"yyyymmdd") -> 20240923 | I779: =TEXT(V779,"yyyymmdd") -> 20250831 | J779: =VLOOKUP(Q779,BIN_MAPPING!A:B,2,FALSE) -> 21-031-6 | K779: 376130442230339295 | L779: CS | M779: 186 | N779: 01 | O779: X | P779: AG | Q779: 21-31-E | R779: 12561216 | S779: ROWNTREES RANDOMS Festives Pch10x130g XB | T779: 376130442230339295 | U779: 42260358 | V779: 45900 | W779: 0001 | X779: LPR | AA779: 186 | AB779: CS | AD779: 45558 | AE779: 45558 | AI779: 247.938
... A791: NE00 | B791: BP | C791: NE00 | D791: BP | E791: =VLOOKUP(R791,MATERIAL_MAPPING!A:B,2,FALSE) -> 10567 | F791: =RIGHT(G791,2) -> I1 | G791: =VLOOKUP(X791,STORAGE_UNIT_TYPE_MAPPING!A:B,2,FALSE) -> NPALLET-I1 | H791: =TEXT(AE791,"yyyymmdd") -> 20241008 | I791: =TEXT(V791,"yyyymmdd") -> 20260930 | J791: =VLOOKUP(Q791,BIN_MAPPING!A:B,2,FALSE) -> 21-033-1 | K791: 376130328298297749 | L791: CS | M791: 153 | N791: 01 | O791: X | P791: PCK | Q791: 21-33-A | R791: 12499561 | S791: ONE PALATE Cat GiGMVChkn112 5(8x85g)N2GB | T791: 376130328298297749 | U791: 4263969051 | V791: 46295 | W791: 0001 | X791: CHP | AA791: 153 | AB791: CS | AD791: 45573 | AE791: 45573 | AI791: 582.93
A792: NE00 | B792: BP | C792: NE00 | D792: BP | E792: =VLOOKUP(R792,MATERIAL_MAPPING!A:B,2,FALSE) -> 10951 | F792: =RIGHT(G792,2) -> E1 | G792: =VLOOKUP(X792,STORAGE_UNIT_TYPE_MAPPING!A:B,2,FALSE) -> NPALLET-E1 | H792: =TEXT(AE792,"yyyymmdd") -> 20231026 | I792: =TEXT(V792,"yyyymmdd") -> 20250630 | J792: =VLOOKUP(Q792,BIN_MAPPING!A:B,2,FALSE) -> 21-033-3 | K792: 376130308202520880 | L792: CS | M792: 3 | N792: 08 | O792: X | P792: AG | Q792: 21-33-B1 | R792: 12535652 | S792: MINAMI MORDHA Kids 3Yrs+ 24x60Caps N1 XB | T792: 376130308202520880 | U792: 236356 | V792: 45838 | W792: 0001 | X792: EUR | Y792: S | AA792: 3 | AB792: CS | AD792: 45225 | AE792: 45225 | AI792: 4.968
A793: NE00 | B793: BP | C793: NE00 | D793: BP | E793: =VLOOKUP(R793,MATERIAL_MAPPING!A:B,2,FALSE) -> 10451 | F793: =RIGHT(G793,2) -> I1 | G793: =VLOOKUP(X793,STORAGE_UNIT_TYPE_MAPPING!A:B,2,FALSE) -> NPALLET-I1 | H793: =TEXT(AE793,"yyyymmdd") -> 20241007 | I793: =TEXT(V793,"yyyymmdd") -> 20260331 | J793: =VLOOKUP(Q793,BIN_MAPPING!A:B,2,FALSE) -> 21-033-4 | K793: 350001610324395017 | L793: CS | M793: 60 | N793: 01 | O793: X | P793: AG | Q793: 21-33-C | R793: 12461482 | S793: GO-CAT Tuna&Herring&Veg 4x2kg N2 XB | T793: 350001610324395017 | U793: 4253093102 | V793: 46112 | W793: 0001 | X793: CHP | AA793: 60 | AB793: CS | AD793: 45572 | AE793: 45572 | AI793: 492
A794: NE00 | B794: BP | C794: NE00 | D794: BP | E794: =VLOOKUP(R794,MATERIAL_MAPPING!A:B,2,FALSE) -> 9462 | F794: =RIGHT(G794,2) -> I1 | G794: =VLOOKUP(X794,STORAGE_UNIT_TYPE_MAPPING!A:B,2,FALSE) -> NPALLET-I1 | H794: =TEXT(AE794,"yyyymmdd") -> 20241010 | I794: =TEXT(V794,"yyyymmdd") -> 20251031 | J794: =VLOOKUP(Q794,BIN_MAPPING!A:B,2,FALSE) -> 21-033-5 | K794: 350103474956053502 | L794: CS | M794: 196 | N794: 01 | O794: X | P794: AG | Q794: 21-33-D | R794: 12571751 | S794: NESCAFE CAPPU Unswt 8Sac 6x113.6g GB | T794: 350103474956053502 | U794: 427810913 | V794: 45961 | W794: 0001 | X794: LPR | AA794: 196 | AB794: CS | AD794: 45575 | AE794: 45575 | AI794: 178.423
A795: NE00 | B795: BP | C795: NE00 | D795: BP | E795: =VLOOKUP(R795,MATERIAL_MAPPING!A:B,2,FALSE) -> 8228 | F795: =RIGHT(G795,2) -> I1 | G795: =VLOOKUP(X795,STORAGE_UNIT_TYPE_MAPPING!A:B,2,FALSE) -> NPALLET-I1 | H795: =TEXT(AE795,"yyyymmdd") -> 20241002 | I795: =TEXT(V795,"yyyymmdd") -> 20250630 | J795: =VLOOKUP(Q795,BIN_MAPPING!A:B,2,FALSE) -> 21-033-6 | K795: 350103471662908287 | L795: CS | M795: 375 | N795: 01 | O795: X | P795: AG | Q795: 21-33-E | R795: 12205620 | S795: YORKIE Raisin & Biscuit Duo 24x66g XB | T795: 350103471662908287 | U795: 42161012X | V795: 45838 | W795: 0001 | X795: LPR | AA795: 375 | AB795: CS | AD795: 45567 | AE795: 45567 | AI795: 602.01
A796: NE00 | B796: BP | C796: NE00 | D796: BP | E796: =VLOOKUP(R796,MATERIAL_MAPPING!A:B,2,FALSE) -> 10449 | F796: =RIGHT(G796,2) -> I1 | G796: =VLOOKUP(X796,STORAGE_UNIT_TYPE_MAPPING!A:B,2,FALSE) -> NPALLET-I1 | H796: =TEXT(AE796,"yyyymmdd") -> 20241007 | I796: =TEXT(V796,"yyyymmdd") -> 20260331 | J796: =VLOOKUP(Q796,BIN_MAPPING!A:B,2,FALSE) -> 21-033-7 | K796: 350001610324397752 | L796: CS | M796: 60 | N796: 01 | O796: X | P796: AG | Q796: 21-33-F | R796: 12461481 | S796: GO-CAT Chicken&Duck 4x2kg XB | T796: 350001610324397752 | U796: 4254093102 | V796: 46112 | W796: 0001 | X796: CHP | AA796: 60 | AB796: CS | AD796: 45572 | AE796: 45572 | AI796: 492
A797: NE00 | B797: BP | C797: NE00 | D797: BP | E797: =VLOOKUP(R797,MATERIAL_MAPPING!A:B,2,FALSE) -> 10192 | F797: =RIGHT(G797,2) -> I1 | G797: =VLOOKUP(X797,STORAGE_UNIT_TYPE_MAPPING!A:B,2,FALSE) -> NPALLET-I1 | H797: =TEXT(AE797,"yyyymmdd") -> 20240917 | I797: =TEXT(V797,"yyyymmdd") -> 20260831 | J797: =VLOOKUP(Q797,BIN_MAPPING!A:B,2,FALSE) -> 21-033-8 | K797: 330337162054015115 | L797: CS | M797: 390 | N797: 01 | O797: X | P797: AG | Q797: 21-33-G | R797: 12176215 | S797: GOURMET GOLD CiG Smn&Chkn 12x85g N1 XB | T797: 330337162054015115 | U797: 4231090890 | V797: 46265 | W797: 0001 | X797: CHP | AA797: 390 | AB797: CS | AD797: 45552 | AE797: 45552 | AI797: 449.28
A798: NE00 | B798: BP | C798: NE00 | D798: BP | E798: =VLOOKUP(R798,MATERIAL_MAPPING!A:B,2,FALSE) -> 10622 | F798: =RIGHT(G798,2) -> I1 | G798: =VLOOKUP(X798,STORAGE_UNIT_TYPE_MAPPING!A:B,2,FALSE) -> NPALLET-I1 | H798: =TEXT(AE798,"yyyymmdd") -> 20241003 | I798: =TEXT(V798,"yyyymmdd") -> 20260331 | J798: =VLOOKUP(Q798,BIN_MAPPING!A:B,2,FALSE) -> 21-033-9 | K798: 350001610335968965 | L798: CS | M798: 60 | N798: 01 | O798: X | P798: AG | Q798: 21-33-H | R798: 12514033 | S798: BAKERS SMALLDOG Chkn&Veg&WhlG 5x1.1kg XB | T798: 350001610335968965 | U798: 4266093108 | V798: 46112 | W798: 0001 | X798: CHP | AA798: 60 | AB798: CS | AD798: 45568 | AE798: 45568 | AI798: 360
A799: NE00 | B799: BP | C799: NE00 | D799: BP | E799: =VLOOKUP(R799,MATERIAL_MAPPING!A:B,2,FALSE) -> 10572 | F799: =RIGHT(G799,2) -> I1 | G799: =VLOOKUP(X799,STORAGE_UNIT_TYPE_MAPPING!A:B,2,FALSE) -> NPALLET-I1 | H799: =TEXT(AE799,"yyyymmdd") -> 20240912 | I799: =TEXT(V799,"yyyymmdd") -> 20260228 | J799: =VLOOKUP(Q799,BIN_MAPPING!A:B,2,FALSE) -> 21-034-1 | K799: 376130425021888868 | L799: CS | M799: 70 | N799: 01 | O799: X | P799: PCK | Q799: 21-34-A | R799: 12502461 | S799: GOURMET MNPT GiG MVSmn10 8(6x50g) N2 GB | T799: 376130425021888868 | U799: 42359718G1 | V799: 46081 | W799: 0001 | X799: CHP | AA799: 70 | AB799: CS | AD799: 45547 | AE799: 45547 | AI799: 190.4
A800: NE00 | B800: BP | C800: NE00 | D800: BP | E800: =VLOOKUP(R800,MATERIAL_MAPPING!A:B,2,FALSE) -> 10926 | F800: =RIGHT(G800,2) -> E1 | G800: =VLOOKUP(X800,STORAGE_UNIT_TYPE_MAPPING!A:B,2,FALSE) -> NPALLET-E1 | H800: =TEXT(AE800,"yyyymmdd") -> 20240716 | I800: =TEXT(V800,"yyyymmdd") -> 20260112 | J800: =VLOOKUP(Q800,BIN_MAPPING!A:B,2,FALSE) -> 21-034-2 | K800: 350103471816045240 | L800: CS | M800: 5 | N800: 01 | O800: X | P800: AG | Q800: 21-34-B | R800: 12499673 | S800: MERITENE ENERGIS Soup Veg 8(10x50g)N1GB | T800: 350103471816045240 | U800: 4113428220 | V800: 46034 | W800: 0001 | X800: EUR | AA800: 5 | AB800: CS | AD800: 45489 | AE800: 45489 | AI800: 22.6
A801: NE00 | B801: BP | C801: NE00 | D801: BP | E801: =VLOOKUP(R801,MATERIAL_MAPPING!A:B,2,FALSE) -> 10454 | F801: =RIGHT(G801,2) -> I1 | G801: =VLOOKUP(X801,STORAGE_UNIT_TYPE_MAPPING!A:B,2,FALSE) -> NPALLET-I1 | H801: =TEXT(AE801,"yyyymmdd") -> 20241004 | I801: =TEXT(V801,"yyyymmdd") -> 20260331 | J801: =VLOOKUP(Q801,BIN_MAPPING!A:B,2,FALSE) -> 21-034-4 | K801: 340004875240836060 | L801: CS | M801: 115 | N801: 01 | O801: X | P801: AG | Q801: 21-34-C | R801: 12452222 | S801: DENTALIFE SMALL 6x115g 7Stk GB | T801: 340004875240836060 | U801: 42620695 | V801: 46112 | W801: 0001 | X801: CHP | AA801: 115 | AB801: CS | AD801: 45569 | AE801: 45569 | AI801: 85.56
A802: NE00 | B802: BP | C802: NE00 | D802: BP | E802: =VLOOKUP(R802,MATERIAL_MAPPING!A:B,2,FALSE) -> 9854 | F802: =RIGHT(G802,2) -> I1 | G802: =VLOOKUP(X802,STORAGE_UNIT_TYPE_MAPPING!A:B,2,FALSE) -> NPALLET-I1 | H802: =TEXT(AE802,"yyyymmdd") -> 20240905 | I802: =TEXT(V802,"yyyymmdd") -> 20250831 | J802: =VLOOKUP(Q802,BIN_MAPPING!A:B,2,FALSE) -> 21-034-5 | K802: 350114768009120430 | L802: CS | M802: 24 | N802: 01 | O802: X | P802: AG | Q802: 21-34-D | R802: 12598732 | S802: CHEERIOS MU Cer 8x700g PRPA XB2DIG XB | T802: 350114768009120430 | U802: 42310953 | V802: 45900 | W802: 0001 | X802: LPR | AA802: 24 | AB802: CS | AD802: 45540 | AE802: 45540 | AI802: 152.82
A803: NE00 | B803: BP | C803: NE00 | D803: BP | E803: =VLOOKUP(R803,MATERIAL_MAPPING!A:B,2,FALSE) -> 10451 | F803: =RIGHT(G803,2) -> I1 | G803: =VLOOKUP(X803,STORAGE_UNIT_TYPE_MAPPING!A:B,2,FALSE) -> NPALLET-I1 | H803: =TEXT(AE803,"yyyymmdd") -> 20241007 | I803: =TEXT(V803,"yyyymmdd") -> 20260331 | J803: =VLOOKUP(Q803,BIN_MAPPING!A:B,2,FALSE) -> 21-034-6 | K803: 350001610324383861 | L803: CS | M803: 60 | N803: 01 | O803: X | P803: AG | Q803: 21-34-E | R803: 12461482 | S803: GO-CAT Tuna&Herring&Veg 4x2kg N2 XB | T803: 350001610324383861 | U803: 4248093102 | V803: 46112 | W803: 0001 | X803: CHP | AA803: 60 | AB803: CS | AD803: 45572 | AE803: 45572 | AI803: 492
A804: NE00 | B804: BP | C804: NE00 | D804: BP | E804: =VLOOKUP(R804,MATERIAL_MAPPING!A:B,2,FALSE) -> 8593 | F804: =RIGHT(G804,2) -> I1 | G804: =VLOOKUP(X804,STORAGE_UNIT_TYPE_MAPPING!A:B,2,FALSE) -> NPALLET-I1 | H804: =TEXT(AE804,"yyyymmdd") -> 20240917 | I804: =TEXT(V804,"yyyymmdd") -> 20260831 | J804: =VLOOKUP(Q804,BIN_MAPPING!A:B,2,FALSE) -> 21-034-7 | K804: 350103474882897300 | L804: CS | M804: 115 | N804: 01 | O804: X | P804: AG | Q804: 21-34-F | R804: 12527378 | S804: NESCAFE GOLD ALTA RICA Jar 6x190g N1 GB | T804: 350103474882897300 | U804: 42291092AR | V804: 46265 | W804: 0001 | X804: LPR | AA804: 115 | AB804: CS | AD804: 45552 | AE804: 45552 | AI804: 438.15
... A1024: NE00 | B1024: BP | C1024: NE00 | D1024: BP | E1024: =VLOOKUP(R1024,MATERIAL_MAPPING!A:B,2,FALSE) -> 10675 | F1024: =RIGHT(G1024,2) -> I1 | G1024: =VLOOKUP(X1024,STORAGE_UNIT_TYPE_MAPPING!A:B,2,FALSE) -> NPALLET-I1 | H1024: =TEXT(AE1024,"yyyymmdd") -> 20241003 | I1024: =TEXT(V1024,"yyyymmdd") -> 20260228 | J1024: =VLOOKUP(Q1024,BIN_MAPPING!A:B,2,FALSE) -> 21-063-8 | K1024: 350001610370481085 | L1024: CS | M1024: 28 | N1024: 01 | O1024: X | P1024: AG | Q1024: 21-60-H | R1024: 12531968 | S1024: BETA ADULT Dog Turkey&Lamb 14kg N1 XB | T1024: 350001610370481085 | U1024: 4237093109 | V1024: 46081 | W1024: 0001 | X1024: CHP | AA1024: 28 | AB1024: EA | AD1024: 45568 | AE1024: 45568 | AI1024: 400.4
A1025: NE00 | B1025: BP | C1025: NE00 | D1025: BP | E1025: =VLOOKUP(R1025,MATERIAL_MAPPING!A:B,2,FALSE) -> 10367 | F1025: =RIGHT(G1025,2) -> I1 | G1025: =VLOOKUP(X1025,STORAGE_UNIT_TYPE_MAPPING!A:B,2,FALSE) -> NPALLET-I1 | H1025: =TEXT(AE1025,"yyyymmdd") -> 20231018 | I1025: =TEXT(V1025,"yyyymmdd") -> 20241031 | J1025: =VLOOKUP(Q1025,BIN_MAPPING!A:B,2,FALSE) -> 21-066-8 | K1025: 340004875530249501 | L1025: CS | M1025: 123 | N1025: 08 | O1025: X | P1025: AG | Q1025: 21-60-H3 | R1025: 12422519 | S1025: ADVENTUROS Venison WAncient Gra 6x120gGB | T1025: 340004875530249501 | U1025: 32780695 | V1025: 45596 | W1025: 0001 | X1025: CHP | Y1025: S | AA1025: 123 | AB1025: CS | AD1025: 45217 | AE1025: 45217 | AI1025: 92.988
A1026: NE00 | B1026: BP | C1026: NE00 | D1026: BP | E1026: =VLOOKUP(R1026,MATERIAL_MAPPING!A:B,2,FALSE) -> 10524 | F1026: =RIGHT(G1026,2) -> I1 | G1026: =VLOOKUP(X1026,STORAGE_UNIT_TYPE_MAPPING!A:B,2,FALSE) -> NPALLET-I1 | H1026: =TEXT(AE1026,"yyyymmdd") -> 20240927 | I1026: =TEXT(V1026,"yyyymmdd") -> 20260331 | J1026: =VLOOKUP(Q1026,BIN_MAPPING!A:B,2,FALSE) -> 21-067-1 | K1026: 350001610324424380 | L1026: CS | M1026: 38 | N1026: 01 | O1026: X | P1026: PCK | Q1026: 21-61-A | R1026: 12485034 | S1026: GO-CAT Turkey&Chicken&Veg 4x2kg IE | T1026: 350001610324424380 | U1026: 4263093102 | V1026: 46112 | W1026: 0001 | X1026: CHP | AA1026: 38 | AB1026: CS | AD1026: 45562 | AE1026: 45562 | AI1026: 311.6
A1027: NE00 | B1027: BP | C1027: NE00 | D1027: BP | E1027: =VLOOKUP(R1027,MATERIAL_MAPPING!A:B,2,FALSE) -> 10200 | F1027: =RIGHT(G1027,2) -> I1 | G1027: =VLOOKUP(X1027,STORAGE_UNIT_TYPE_MAPPING!A:B,2,FALSE) -> NPALLET-I1 | H1027: =TEXT(AE1027,"yyyymmdd") -> 20241002 | I1027: =TEXT(V1027,"yyyymmdd") -> 20251231 | J1027: =VLOOKUP(Q1027,BIN_MAPPING!A:B,2,FALSE) -> 21-067-2 | K1027: 340004875640989434 | L1027: CS | M1027: 225 | N1027: 01 | O1027: X | P1027: AG | Q1027: 21-61-B | R1027: 12249137 | S1027: BAKERS REWARDS Variety 8x100g GB | T1027: 340004875640989434 | U1027: 42560695 | V1027: 46022 | W1027: 0001 | X1027: CHP | AA1027: 225 | AB1027: CS | AD1027: 45567 | AE1027: 45567 | AI1027: 214.2
...

Sheet MATERIAL_MAPPING
A1: LEGACY MATERIAL | B1: BRAVO MATERIAL | C1: OWNER | D1: UOM
A2: 12539973 | B2: 11027 | C2: NE00 | D2: CS
A3: 12536165 | B3: 11026 | C3: NE00 | D3: CS
A4: 12526150 | B4: 11025 | C4: NE00 | D4: CS
A5: 12429567 | B5: 11024 | C5: NE00 | D5: CS
A6: 12512910 | B6: 11023 | C6: NE00 | D6: CS
A7: 12396791 | B7: 11022 | C7: NE00 | D7: CS
A8: 12441088 | B8: 11021 | C8: NE00 | D8: CS
A9: 12396751 | B9: 11020 | C9: NE00 | D9: CS
A10: 12468419 | B10: 11019 | C10: NE00 | D10: CS
A11: 12507636 | B11: 11018 | C11: NE00 | D11: CS
A12: 12536129 | B12: 11017 | C12: NE00 | D12: CS
A13: 12564548 | B13: 11016 | C13: NE00 | D13: CS
... A2938: 12536707 | B2938: 7881 | C2938: NE00 | D2938: CS

Sheet HU_MAPPING
A1: SUT | B1: HU TYPE | C1: PACK MATERIAL
A2: P1 | B2: I1 | C2: NPALLET-I1
A3: P2 | B3: I2 | C3: NPALLET-I1
A4: P3 | B4: I3 | C4: NPALLET-I1

Sheet COLUMN_MAPPING
A1: POSTYPE | B1: MATNR | C1: OWNER | D1: OWNER_ROLE | E1: BATCH | F1: CAT | G1: STOCK_DOCCAT | H1: STOCK_DOCNO | I1: STOCK_ITMNO | J1: STOCK_USAGE | K1: ENTITELED | L1: ENTITLED_ROLE | M1: COO | N1: QUAN | O1: UNIT | P1: HUTYP | Q1: LGPLA | R1: GR_DATE | S1: GR_TIME | T1: VFDAT | U1: PMAT | V1: EXTNO | W1: HUIDENT | X1: PARHUIDENT | Y1: TOPHUIDENT | Z1: ROW | AA1: REFROW | AB1: G_WEIGHT | AC1: N_WEIGHT | AD1: UNIT_GW | AE1: T_WEIGHT | AF1: UNIT_TW | AG1: G_VOLUME | AH1: N_VOLUME | AI1: UNIT_GV | AJ1: T_VOLUME | AK1: UNIT_TV | AL1: G_CAPA | AM1: N_CAPA | AN1: T_CAPA | AO1: LENGTH | AP1: WIDTH | AQ1: HEIGHT | AR1: UNIT_LWH | AS1: MAX_WEIGHT | AT1: TOLW | AU1: TARE_VAR | AV1: MAX_VOLUME | AW1: TOLV | AX1: CLOSED_PACKAGE | AY1: MAX_CAPA | AZ1: MAX_LENGTH | BA1: MAX_WIDTH | BB1: MAX_HEIGHT | BC1: UNIT_MAX_LWH | BD1: SERNR | BE1: CWQUAN | BF1: CWUNIT | BG1: CWEXACT | BH1: LOGPOS | BI1: UII | BJ1: AMOUNT_LC | BK1: DUMMY_ISU | BL1: ZEUGN
A2: MT | B2: MT | C2: MT | D2: MT | E2: MT | F2: MT | G2: MT | H2: MT | I2: MT | J2: MT | K2: MT | L2: MT | M2: MT | N2: MT | O2: MT | P2: F | Q2: J | R2: MT | S2: MT | T2: MT | U2: G | V2: O | W2: K | X2: K | Y2: K | Z2: MT | AA2: MT | AB2: MT | AC2: MT | AD2: MT | AE2: MT | AF2: MT | AG2: MT | AH2: MT | AI2: MT | AJ2: MT | AK2: MT | AL2: MT | AM2: MT | AN2: MT | AO2: MT | AP2: MT | AQ2: MT | AR2: MT | AS2: MT | AT2: MT | AU2: MT | AV2: MT | AW2: MT | AX2: MT | AY2: MT | AZ2: MT | BA2: MT | BB2: MT | BC2: MT | BD2: MT | BE2: MT | BF2: MT | BG2: MT | BH2: MT | BI2: MT | BJ2: MT | BK2: MT | BL2: MT
A3: MT | B3: E | C3: A | D3: B | E3: P | F3: N | G3: MT | H3: MT | I3: MT | J3: MT | K3: C | L3: D | M3: MT | N3: M | O3: L | P3: MT | Q3: J | R3: H | S3: MT | T3: I | U3: MT | V3: MT | W3: K | X3: K | Y3: K | Z3: MT | AA3: MT | AB3: MT | AC3: MT | AD3: MT | AE3: MT | AF3: MT | AG3: MT | AH3: MT | AI3: MT | AJ3: MT | AK3: MT | AL3: MT | AM3: MT | AN3: MT | AO3: MT | AP3: MT | AQ3: MT | AR3: MT | AS3: MT | AT3: MT | AU3: MT | AV3: MT | AW3: MT | AX3: MT | AY3: MT | AZ3: MT | BA3: MT | BB3: MT | BC3: MT | BD3: MT | BE3: MT | BF3: MT | BG3: MT | BH3: MT | BI3: MT | BJ3: MT | BK3: MT | BL3: MT
A8: Migration Schema
A9: MIGRATION COLUMN LABEL
A10: HU COLUMN INDEX
A11: MATERIAL COLUMN INDEX

Sheet CATEGORY_MAPPING
A1: OLD CATEGORY | B1: NEW CATEGORY
B2: 01
A3: S | B3: 08

Sheet BIN_MAPPING
A1: OLD_BIN | B1: NEW_BIN
B2: 19-001-1
B3: 19-002-1
B4: 19-003-1
B5: 19-004-1
B6: 19-005-1
B7: 19-006-1
B8: 19-007-1
B9: 19-008-1
B10: 19-009-1
B11: 19-010-1
B12: 19-011-1
B13: 19-012-1
... B40: 19-039-1
A41: 19-40-A | B41: 19-040-1
A42: 19-41-A | B42: 19-041-1
A43: 19-42-A | B43: 19-042-1
A44: 19-43-A | B44: 19-043-1
A45: 19-44-A | B45: 19-044-1
A46: 19-45-A | B46: 19-045-1
A47: 19-46-A | B47: 19-046-1
A48: 19-47-A | B48: 19-047-1
A49: 19-48-A | B49: 19-048-1
A50: 19-49-A | B50: 19-049-1
A51: 19-50-A | B51: 19-050-1
A52: 19-51-A | B52: 19-051-1
... A1072: 21-39-H | B1072: 21-039-9
B1073: 21-040-1
B1074: 21-040-2
B1075: 21-040-3
B1076: 21-040-4
A1077: 21-39-E1 | B1077: 21-040-5
A1078: 21-39-F1 | B1078: 21-040-6
A1079: 21-39-G1 | B1079: 21-040-7
A1080: 21-39-H1 | B1080: 21-040-8
B1081: 21-041-1
B1082: 21-041-2
B1083: 21-041-3
B1084: 21-041-4
A1085: 21-39-E2 | B1085: 21-041-5
A1086: 21-39-F2 | B1086: 21-041-6
A1087: 21-39-G2 | B1087: 21-041-7
A1088: 21-39-H2 | B1088: 21-041-8
B1089: 21-042-1
B1090: 21-042-2
B1091: 21-042-3
B1092: 21-042-4
A1093: 21-39-E3 | B1093: 21-042-5
A1094: 21-39-F3 | B1094: 21-042-6
A1095: 21-39-G3 | B1095: 21-042-7
A1096: 21-39-H3 | B1096: 21-042-8
A1097: 21-40-A | B1097: 21-043-1
A1098: 21-40-B | B1098: 21-043-2
A1099: 21-40-C | B1099: 21-043-3
A1100: 21-40-D | B1100: 21-043-4
A1101: 21-40-E | B1101: 21-043-5
A1102: 21-40-F | B1102: 21-043-6
A1103: 21-40-G | B1103: 21-043-7
A1104: 21-40-H | B1104: 21-043-8
... A1264: 21-60-H | B1264: 21-063-8
B1265: 21-064-1
B1266: 21-064-2
B1267: 21-064-3
B1268: 21-064-4
A1269: 21-60-E1 | B1269: 21-064-5
A1270: 21-60-F1 | B1270: 21-064-6
A1271: 21-60-G1 | B1271: 21-064-7
A1272: 21-60-H1 | B1272: 21-064-8
B1273: 21-065-1
B1274: 21-065-2
B1275: 21-065-3
B1276: 21-065-4
A1277: 21-60-E2 | B1277: 21-065-5
A1278: 21-60-F2 | B1278: 21-065-6
A1279: 21-60-G2 | B1279: 21-065-7
A1280: 21-60-H2 | B1280: 21-065-8
B1281: 21-066-1
B1282: 21-066-2
B1283: 21-066-3
B1284: 21-066-4
A1285: 21-60-E3 | B1285: 21-066-5
A1286: 21-60-F3 | B1286: 21-066-6
A1287: 21-60-G3 | B1287: 21-066-7
A1288: 21-60-H3 | B1288: 21-066-8
A1289: 21-61-A | B1289: 21-067-1
A1290: 21-61-B | B1290: 21-067-2
A1291: 21-61-C | B1291: 21-067-3
A1292: 21-61-D | B1292: 21-067-4
A1293: 21-61-E | B1293: 21-067-5
A1294: 21-61-F | B1294: 21-067-6
A1295: 21-61-G | B1295: 21-067-7
A1296: 21-61-H | B1296: 21-067-8
... A1560: 22-17-H | B1560: 22-017-8
B1561: 22-018-1
B1562: 22-018-2
B1563: 22-018-3
B1564: 22-018-4
A1565: 22-17-E1 | B1565: 22-018-5
A1566: 22-17-F1 | B1566: 22-018-6
A1567: 22-17-G1 | B1567: 22-018-7
...

Sheet STORAGE_UNIT_TYPE_MAPPING
A1: LPR | B1: NPALLET-I1
A2: CHP | B2: NPALLET-I1
A3: EUR | B3: NPALLET-E1

Sheet FIXED_BIN_TEMPLATE
A1: WAREHOUSE | B1: DISPOSAL | C1: Storage Bin | D1: Storage Type | E1: Product | F1: Max. Qty | G1: UoM | H1: Min. Qty | I1: UoM | J1: Fixed
A2: 5000 | B2: NE00 | C2: 19-043-1 | D2: 3101 | E2: 8064 | F2: 42 | G2: CV | H2: 0 | I2: CV | J2: X
A3: 5000 | B3: NE00 | C3: 19-044-1 | D3: 3101 | E3: 8066 | F3: 42 | G3: CV | H3: 0 | I3: CV | J3: X
A4: 5000 | B4: NE00 | C4: 19-045-1 | D4: 3101 | E4: 8506 | F4: 72 | G4: CV | H4: 0 | I4: CV | J4: X
A5: 5000 | B5: NE00 | C5: 19-046-1 | D5: 3101 | E5: 8440 | F5: 70 | G5: CV | H5: 0 | I5: CV | J5: X
A6: 5000 | B6: NE00 | C6: 19-047-1 | D6: 3101 | E6: 8539 | F6: 80 | G6: CV | H6: 0 | I6: CV | J6: X
A7: 5000 | B7: NE00 | C7: 19-048-1 | D7: 3101 | E7: 8142 | F7: 70 | G7: CV | H7: 0 | I7: CV | J7: X
A8: 5000 | B8: NE00 | C8: 19-049-1 | D8: 3101 | E8: 8504 | F8: 72 | G8: CV | H8: 0 | I8: CV | J8: X
A9: 5000 | B9: NE00 | C9: 19-050-1 | D9: 3101 | E9: 8156 | F9: 90 | G9: CV | H9: 0 | I9: CV | J9: X
A10: 5000 | B10: NE00 | C10: 19-051-1 | D10: 3101 | E10: 10883 | F10: 72 | G10: CV | H10: 0 | I10: CV | J10: X
A11: 5000 | B11: NE00 | C11: 19-052-1 | D11: 3101 | E11: 8143 | F11: 80 | G11: CV | H11: 0 | I11: CV | J11: X
A12: 5000 | B12: NE00 | C12: 19-053-1 | D12: 3101 | E12: 10913 | F12: 80 | G12: CV | H12: 0 | I12: CV | J12: X
A13: 5000 | B13: NE00 | C13: 19-054-1 | D13: 3101 | E13: 8141 | F13: 80 | G13: CV | H13: 0 | I13: CV | J13: X
A14: 5000 | B14: NE00 | C14: 19-055-1 | D14: 3101 | E14: #N/A | F14: 80 | G14: CV | H14: 0 | I14: CV | J14: X
A15: 5000 | B15: NE00 | C15: 19-056-1 | D15: 3101 | E15: 8144 | F15: 80 | G15: CV | H15: 0 | I15: CV | J15: X
A16: 5000 | B16: NE00 | C16: 19-057-1 | D16: 3101 | E16: 10888 | F16: 80 | G16: CV | H16: 0 | I16: CV | J16: X
A17: 5000 | B17: NE00 | C17: 19-058-1 | D17: 3101 | E17: 8154 | F17: 90 | G17: CV | H17: 0 | I17: CV | J17: X
A18: 5000 | B18: NE00 | C18: 19-059-1 | D18: 3101 | E18: 9303 | F18: 96 | G18: CV | H18: 0 | I18: CV | J18: X
A19: 5000 | B19: NE00 | C19: 19-060-1 | D19: 3101 | E19: 10917 | F19: 80 | G19: CV | H19: 0 | I19: CV | J19: X
A20: 5000 | B20: NE00 | C20: 19-061-1 | D20: 3101 | E20: 9334 | F20: 54 | G20: CV | H20: 0 | I20: CV | J20: X
A21: 5000 | B21: NE00 | C21: 19-062-1 | D21: 3101 | E21: 8068 | F21: 84 | G21: CV | H21: 0 | I21: CV | J21: X
A22: 5000 | B22: NE00 | C22: 19-063-1 | D22: 3101 | E22: 10919 | F22: 120 | G22: CV | H22: 0 | I22: CV | J22: X
A23: 5000 | B23: NE00 | C23: 19-064-1 | D23: 3101 | E23: 9791 | F23: 160 | G23: CV | H23: 0 | I23: CV | J23: X
A24: 5000 | B24: NE00 | C24: 19-065-1 | D24: 3101 | E24: 7894 | F24: 70 | G24: CV | H24: 0 | I24: CV | J24: X
A25: 5000 | B25: NE00 | C25: 19-066-1 | D25: 3101 | E25: 8256 | F25: 90 | G25: CV | H25: 0 | I25: CV | J25: X
A26: 5000 | B26: NE00 | C26: 19-067-1 | D26: 3101 | E26: 9390 | F26: 160 | G26: CV | H26: 0 | I26: CV | J26: X
... A135: 5000 | B135: NE00 | C135: 21-022-1 | D135: 3101 | E135: 10577 | F135: 120 | G135: CV | H135: 0 | I135: CV | J135: X
A136: 5000 | B136: NE00 | C136: 21-023-1 | D136: 3101 | E136: #N/A | F136: 126 | G136: CV | H136: 0 | I136: CV | J136: X
A137: 5000 | B137: NE00 | C137: 21-024-1 | D137: 3101 | E137: 10759 | F137: 120 | G137: CV | H137: 0 | I137: CV | J137: X
A138: 5000 | B138: NE00 | C138: 21-025-1 | D138: 3101 | E138: 10701 | F138: 126 | G138: CV | H138: 0 | I138: CV | J138: X
A139: 5000 | B139: NE00 | C139: 21-026-1 | D139: 3101 | E139: 10703 | F139: 126 | G139: CV | H139: 0 | I139: CV | J139: X
A140: 5000 | B140: NE00 | C140: 21-027-1 | D140: 3101 | E140: 10944 | F140: 126 | G140: CV | H140: 0 | I140: CV | J140: X
A141: 5000 | B141: NE00 | C141: 21-028-1 | D141: 3101 | E141: 10704 | F141: 114 | G141: CV | H141: 0 | I141: CV | J141: X
A142: 5000 | B142: NE00 | C142: 21-029-1 | D142: 3101 | E142: 10741 | F142: 105 | G142: CV | H142: 0 | I142: CV | J142: X
A143: 5000 | B143: NE00 | C143: 21-030-1 | D143: 3101 | E143: 10569 | F143: 160 | G143: CV | H143: 0 | I143: CV | J143: X
A144: 5000 | B144: NE00 | C144: 21-031-1 | D144: 3101 | E144: 10641 | F144: 160 | G144: CV | H144: 0 | I144: CV | J144: X
A145: 5000 | B145: NE00 | C145: 21-032-1 | D145: 3101 | E145: 10570 | F145: 160 | G145: CV | H145: 0 | I145: CV | J145: X
A146: 5000 | B146: NE00 | C146: 21-033-1 | D146: 3101 | E146: 10567 | F146: 120 | G146: CV | H146: 0 | I146: CV | J146: X
A147: 5000 | B147: NE00 | C147: 21-034-1 | D147: 3101 | E147: 10572 | F147: 160 | G147: CV | H147: 0 | I147: CV | J147: X
A148: 5000 | B148: NE00 | C148: 21-035-1 | D148: 3101 | E148: 10568 | F148: 120 | G148: CV | H148: 0 | I148: CV | J148: X
... A232: 5000 | B232: NE00 | C232: 22-048-1 | D232: 3101 | E232: 10581 | F232: 36 | G232: CV | H232: 0 | I232: CV | J232: X
A233: 5000 | B233: NE00 | C233: 22-049-1 | D233: 3101 | E233: #N/A | F233: 28 | G233: CV | H233: 0 | I233: CV | J233: X
A234: 5000 | B234: NE00 | C234: 22-050-1 | D234: 3101 | E234: 10774 | F234: 45 | G234: CV | H234: 0 | I234: CV | J234: X
A235: 5000 | B235: NE00 | C235: 22-051-1 | D235: 3101 | E235: 10589 | F235: 36 | G235: CV | H235: 0 | I235: CV | J235: X
A236: 5000 | B236: NE00 | C236: 22-052-1 | D236: 3101 | E236: 10673 | F236: 28 | G236: CV | H236: 0 | I236: CV | J236: X
A237: 5000 | B237: NE00 | C237: 22-053-1 | D237: 3101 | E237: 10775 | F237: 45 | G237: CV | H237: 0 | I237: CV | J237: X
A238: 5000 | B238: NE00 | C238: 22-054-1 | D238: 3101 | E238: 10587 | F238: 36 | G238: CV | H238: 0 | I238: CV | J238: X
A239: 5000 | B239: NE00 | C239: 22-055-1 | D239: 3101 | E239: 10667 | F239: 28 | G239: CV | H239: 0 | I239: CV | J239: X
A240: 5000 | B240: NE00 | C240: 22-056-1 | D240: 3101 | E240: 10710 | F240: 114 | G240: CV | H240: 0 | I240: CV | J240: X
A241: 5000 | B241: NE00 | C241: 22-057-1 | D241: 3101 | E241: 10585 | F241: 36 | G241: CV | H241: 0 | I241: CV | J241: X
A242: 5000 | B242: NE00 | C242: 22-058-1 | D242: 3101 | E242: 10583 | F242: 36 | G242: CV | H242: 0 | I242: CV | J242: X
A243: 5000 | B243: NE00 | C243: 22-059-1 | D243: 3101 | E243: 10839 | F243: 192 | G243: CV | H243: 0 | I243: CV | J243: X
A244: 5000 | B244: NE00 | C244: 22-060-1 | D244: 3101 | E244: 10743 | F244: 105 | G244: CV | H244: 0 | I244: CV | J244: X
A245: 5000 | B245: NE00 | C245: 22-061-1 | D245: 3101 | E245: 10258 | F245: 27 | G245: CV | H245: 0 | I245: CV | J245: X
... A387: 5000 | B387: NE00 | C387: 24-053-1 | D387: 3101 | E387: 10909 | F387: 112 | G387: CV | H387: 0 | I387: CV | J387: X
A388: 5000 | B388: NE00 | C388: 24-054-1 | D388: 3101 | E388: #N/A | F388: 102 | G388: CV | H388: 0 | I388: CV | J388: X
A389: 5000 | B389: NE00 | C389: 24-055-1 | D389: 3101 | E389: 9461 | F389: 160 | G389: CV | H389: 0 | I389: CV | J389: X
A390: 5000 | B390: NE00 | C390: 24-056-1 | D390: 3101 | E390: 9565 | F390: 98 | G390: CV | H390: 0 | I390: CV | J390: X
A391: 5000 | B391: NE00 | C391: 24-057-1 | D391: 3101 | E391: 10916 | F391: 98 | G391: CV | H391: 0 | I391: CV | J391: X
A392: 5000 | B392: NE00 | C392: 24-058-1 | D392: 3101 | E392: 8608 | F392: 98 | G392: CV | H392: 0 | I392: CV | J392: X
A393: 5000 | B393: NE00 | C393: 24-059-1 | D393: 3101 | E393: 9460 | F393: 196 | G393: CV | H393: 0 | I393: CV | J393: X
A394: 5000 | B394: NE00 | C394: 24-060-1 | D394: 3101 | E394: 9462 | F394: 196 | G394: CV | H394: 0 | I394: CV | J394: X
A395: 5000 | B395: NE00 | C395: 24-061-1 | D395: 3101 | E395: 9438 | F395: 196 | G395: CV | H395: 0 | I395: CV | J395: X
A396: 5000 | B396: NE00 | C396: 24-062-1 | D396: 3101 | E396: 9487 | F396: 196 | G396: CV | H396: 0 | I396: CV | J396: X
A397: 5000 | B397: NE00 | C397: 24-063-1 | D397: 3101 | E397: 9467 | F397: 196 | G397: CV | H397: 0 | I397: CV | J397: X
A398: 5000 | B398: NE00 | C398: 24-064-1 | D398: 3101 | E398: 9485 | F398: 196 | G398: CV | H398: 0 | I398: CV | J398: X
A399: 5000 | B399: NE00 | C399: 24-066-1 | D399: 3101 | E399: 9475 | F399: 196 | G399: CV | H399: 0 | I399: CV | J399: X
A400: 5000 | B400: NE00 | C400: 24-067-1 | D400: 3101 | E400: 9477 | F400: 196 | G400: CV | H400: 0 | I400: CV | J400: X
... A446: 5000 | B446: NE00 | C446: 25-034-1 | D446: 3101 | E446: 7922 | F446: 155 | G446: CV | H446: 0 | I446: CV | J446: X
A447: 5000 | B447: NE00 | C447: 25-035-1 | D447: 3101 | E447: #N/A | F447: 155 | G447: CV | H447: 0 | I447: CV | J447: X
A448: 5000 | B448: NE00 | C448: 25-036-1 | D448: 3101 | E448: 7905 | F448: 192 | G448: CV | H448: 0 | I448: CV | J448: X
A449: 5000 | B449: NE00 | C449: 25-037-1 | D449: 3101 | E449: 7917 | F449: 192 | G449: CV | H449: 0 | I449: CV | J449: X
A450: 5000 | B450: NE00 | C450: 25-038-1 | D450: 3101 | E450: 7906 | F450: 192 | G450: CV | H450: 0 | I450: CV | J450: X
A451: 5000 | B451: NE00 | C451: 25-039-1 | D451: 3101 | E451: #N/A | F451: 238 | G451: CV | H451: 0 | I451: CV | J451: X
A452: 5000 | B452: NE00 | C452: 25-043-1 | D452: 3101 | E452: 7908 | F452: 192 | G452: CV | H452: 0 | I452: CV | J452: X
A453: 5000 | B453: NE00 | C453: 25-044-1 | D453: 3101 | E453: 7907 | F453: 192 | G453: CV | H453: 0 | I453: CV | J453: X
A454: 5000 | B454: NE00 | C454: 25-045-1 | D454: 3101 | E454: 7909 | F454: 192 | G454: CV | H454: 0 | I454: CV | J454: X
A455: 5000 | B455: NE00 | C455: 25-046-1 | D455: 3101 | E455: 7910 | F455: 192 | G455: CV | H455: 0 | I455: CV | J455: X
A456: 5000 | B456: NE00 | C456: 25-047-1 | D456: 3101 | E456: 7911 | F456: 192 | G456: CV | H456: 0 | I456: CV | J456: X
A457: 5000 | B457: NE00 | C457: 25-049-1 | D457: 3101 | E457: 7912 | F457: 192 | G457: CV | H457: 0 | I457: CV | J457: X
A458: 5000 | B458: NE00 | C458: 25-050-1 | D458: 3101 | E458: #N/A | F458: 207 | G458: CV | H458: 0 | I458: CV | J458: X
A459: 5000 | B459: NE00 | C459: 25-051-1 | D459: 3101 | E459: 7918 | F459: 192 | G459: CV | H459: 0 | I459: CV | J459: X
A460: 5000 | B460: NE00 | C460: 25-052-1 | D460: 3101 | E460: #N/A | F460: 207 | G460: CV | H460: 0 | I460: CV | J460: X
A461: 5000 | B461: NE00 | C461: 25-053-1 | D461: 3101 | E461: 9719 | F461: 84 | G461: CV | H461: 0 | I461: CV | J461: X
A462: 5000 | B462: NE00 | C462: 25-054-1 | D462: 3101 | E462: 10940 | F462: 207 | G462: CV | H462: 0 | I462: CV | J462: X
A463: 5000 | B463: NE00 | C463: 25-055-1 | D463: 3101 | E463: 8989 | F463: 208 | G463: CV | H463: 0 | I463: CV | J463: X
A464: 5000 | B464: NE00 | C464: 25-056-1 | D464: 3101 | E464: 9583 | F464: 100 | G464: CV | H464: 0 | I464: CV | J464: X
A465: 5000 | B465: NE00 | C465: 25-057-1 | D465: 3101 | E465: #N/A | F465: 207 | G465: CV | H465: 0 | I465: CV | J465: X
A466: 5000 | B466: NE00 | C466: 25-058-1 | D466: 3101 | E466: 9545 | F466: 50 | G466: CV | H466: 0 | I466: CV | J466: X
A467: 5000 | B467: NE00 | C467: 25-059-1 | D467: 3101 | E467: 9549 | F467: 110 | G467: CV | H467: 0 | I467: CV | J467: X
A468: 5000 | B468: NE00 | C468: 25-060-1 | D468: 3101 | E468: 10114 | F468: 160 | G468: CV | H468: 0 | I468: CV | J468: X
A469: 5000 | B469: NE00 | C469: 25-061-1 | D469: 3101 | E469: 9370 | F469: 105 | G469: CV | H469: 0 | I469: CV | J469: X
A470: 5000 | B470: NE00 | C470: 25-062-1 | D470: 3101 | E470: 8085 | F470: 224 | G470: CV | H470: 0 | I470: CV | J470: X
A471: 5000 | B471: NE00 | C471: 25-063-1 | D471: 3101 | E471: 8646 | F471: 224 | G471: CV | H471: 0 | I471: CV | J471: X
A472: 5000 | B472: NE00 | C472: 25-067-1 | D472: 3101 | E472: 8090 | F472: 224 | G472: CV | H472: 0 | I472: CV | J472: X
A473: 5000 | B473: NE00 | C473: 25-068-1 | D473: 3101 | E473: 8447 | F473: 224 | G473: CV | H473: 0 | I473: CV | J473: X
A474: 5000 | B474: NE00 | C474: 25-069-1 | D474: 3101 | E474: 8096 | F474: 224 | G474: CV | H474: 0 | I474: CV | J474: X
A475: 5000 | B475: NE00 | C475: 25-070-1 | D475: 3101 | E475: 8202 | F475: 240 | G475: CV | H475: 0 | I475: CV | J475: X
A476: 5000 | B476: NE00 | C476: 25-071-1 | D476: 3101 | E476: 8260 | F476: 66 | G476: CV | H476: 0 | I476: CV | J476: X
A477: 5000 | B477: NE00 | C477: 25-072-1 | D477: 3101 | E477: 9479 | F477: 70 | G477: CV | H477: 0 | I477: CV | J477: X
...
